Ticker,Date,Open,High,Low,Close,Volume,Adj Close,Daily Return
AAPL,2023-08-03,189.67096144116343,190.46301890335675,188.79968010371752,189.27491760253903,61235200,189.27491760253903,
AAPL,2023-08-04,183.68094960257173,185.52251207833032,180.11663025996506,180.1859436035156,115956800,180.1859436035156,-0.048019960141308826
AAPL,2023-08-07,180.32455640774955,181.31464344213896,175.5919415919706,177.0770721435547,97576100,177.0770721435547,-0.01725368470917865
AAPL,2023-08-08,177.9087289898081,178.48298124186843,175.81964489133262,178.01763916015625,67823000,178.01763916015625,0.005311625074978954
AAPL,2023-08-09,179.0770095774785,179.13641237321562,175.25527360727992,176.423583984375,60378500,176.423583984375,-0.008954478799413468
AAPL,2023-08-10,177.70080592181807,178.95822060931928,175.8394526832055,176.20578002929688,54686900,176.20578002929688,-0.0012345512439958517
AAPL,2023-08-11,175.7993034466227,177.0881424893324,175.03590276334816,176.2652587890625,52036700,176.2652587890625,0.0003375528303086739
AAPL,2023-08-14,176.44373225185288,178.14898275911253,175.78938877461678,177.92095947265625,43675600,177.92095947265625,0.009393233215486463
AAPL,2023-08-15,177.34592099472832,177.94076628789648,175.53161335110406,175.9281768798828,43622600,175.9281768798828,-0.01120038133045087
AAPL,2023-08-16,175.61093536777827,177.00883168990967,174.98633341606396,175.0557403564453,46964900,175.0557403564453,-0.004959049419543282
AAPL,2023-08-17,175.6208528452633,175.98767489704687,171.99223724872292,172.50778198242188,66062900,172.50778198242188,-0.014555126092039794
AAPL,2023-08-18,170.82237017622754,173.59836059602029,170.48528962334868,172.99359130859375,61172200,172.99359130859375,0.0028161589036104218
AAPL,2023-08-21,173.5685847246663,174.61949160968172,172.24998915809468,174.33197021484375,46311900,174.33197021484375,0.007736580853232589
AAPL,2023-08-22,175.5415274877659,176.15620551446153,174.73847648439144,175.71006774902344,42038900,175.71006774902344,0.007905018984649459
AAPL,2023-08-23,176.98903312238062,179.99304691061286,176.80066012445005,179.5667266845703,52722800,179.5667266845703,0.021948992365397935
AAPL,2023-08-24,179.12057292485625,179.54689311295104,174.50053343712446,174.86737060546875,54945800,174.86737060546875,-0.026170528170046392
AAPL,2023-08-25,175.8587845923081,177.6135940867137,174.3121656551708,177.07823181152344,51449600,177.07823181152344,0.012643074567883605
AAPL,2023-08-28,178.54553539179292,179.04124736642365,177.018749166219,178.64468383789062,43820700,178.64468383789062,0.008846101580879173
AAPL,2023-08-29,178.1588778766287,183.31427930675537,177.9605961154563,182.5409698486328,53003900,182.5409698486328,0.021810254450548516
AAPL,2023-08-30,183.35395983897268,186.23900735465395,183.1556780614674,186.04071044921875,60813900,186.04071044921875,0.01917235677825091
AAPL,2023-08-31,186.2290780707052,187.4980995637172,185.8721648302999,186.25881958007807,60794500,186.25881958007807,0.0011723731345287813
AAPL,2023-09-01,187.86493132785435,188.2912363685708,186.66530168187228,187.83518981933597,45766500,187.83518981933597,0.008463332060258066
AAPL,2023-09-05,186.66529992482816,188.350717612699,186.00104769428796,188.0731201171875,45280000,188.0731201171875,0.0012666971406176675
AAPL,2023-09-06,186.78426205503197,187.2304149251444,179.91370149278592,181.3413543701172,81755800,181.3413543701172,-0.03579334326391659
AAPL,2023-09-07,173.67765269377628,176.6816813943478,172.05171790486162,176.03724670410156,112488800,176.03724670410156,-0.029249299942857854
AAPL,2023-09-08,176.82048716548695,178.69427803391082,176.26527698438343,176.6519317626953,65551300,176.6519317626953,0.0034917897780288865
AAPL,2023-09-11,178.52571023294755,178.75373349578624,175.8191120741523,177.82179260253906,58953100,177.82179260253906,0.006622406152995142
AAPL,2023-09-12,177.95070042200115,178.58521118121962,173.32075212571604,174.78805541992188,90370200,174.78805541992188,-0.01706054774398824
AAPL,2023-09-13,174.99623588192003,175.77946927367296,172.48793449989455,172.71597290039062,84267900,172.71597290039062,-0.01185482906456703
AAPL,2023-09-14,172.50776601489048,174.58976234555206,172.09136977434392,174.23284912109375,60895800,174.23284912109375,0.00878248951287186
AAPL,2023-09-15,174.96648860625493,174.9863213204115,172.329312484714,173.50909423828125,109259500,173.50909423828125,-0.004153951946854084
AAPL,2023-09-18,174.96648328990372,177.8416216381054,174.65914430549358,176.44371032714844,67257600,176.44371032714844,0.01691332723365524
AAPL,2023-09-19,175.99760666918286,178.08951208014952,175.61095188364544,177.53431701660156,51826900,177.53431701660156,0.00618104599722491
AAPL,2023-09-20,177.72265814247962,178.1588871164402,173.89576095445636,173.98500061035156,58436200,173.98500061035156,-0.019992283553371237
AAPL,2023-09-21,173.05304760725463,174.78803946069445,172.3689626845727,172.4383544921875,63149100,172.4383544921875,-0.008889537102269252
AAPL,2023-09-22,173.17203432298646,175.5613698772793,172.55735626241977,173.29100036621094,56725400,173.29100036621094,0.004944641675191042
AAPL,2023-09-25,172.70604916227998,175.4522977411563,172.65647493916612,174.56993103027344,46172700,174.56993103027344,0.007380248607023798
AAPL,2023-09-26,173.32073296072448,173.6974637546494,170.18782981503577,170.48526000976562,64588900,170.48526000976562,-0.023398479889411572
AAPL,2023-09-27,171.1395892983555,171.5559855222725,167.60021383109716,168.96836853027344,66921800,168.96836853027344,-0.008897493422043046
AAPL,2023-09-28,167.88772217595067,170.5546549284134,166.18247183150447,169.2261505126953,56294400,169.2261505126953,0.0015256227225493024
AAPL,2023-09-29,170.54473485773315,171.5857329254824,168.8791349237489,169.74168395996094,51861100,169.74168395996094,0.003046417150681213
AAPL,2023-10-02,169.75161672914737,172.8052044328195,169.46409530048962,172.25991821289062,52164500,172.25991821289062,0.014835685579292823
AAPL,2023-10-03,170.78267952738358,172.14094058886474,169.35504178574476,170.92147827148438,49594600,170.92147827148438,-0.007769886084307287
AAPL,2023-10-04,169.62271803074952,172.71597100628938,169.50375199905025,172.17068481445312,53020300,172.17068481445312,0.007308657493498627
AAPL,2023-10-05,172.29956799243436,173.94533544106068,171.19908676207933,173.40997314453125,48527900,173.40997314453125,0.007198021727181425
AAPL,2023-10-06,172.30950772319366,176.46357702906525,171.6948145080504,175.96786499023438,57266700,175.96786499023438,0.014750546345862148
AAPL,2023-10-09,175.29367439346143,177.51446959158443,174.2923416030924,177.45498657226562,42390800,177.45498657226562,0.008451097489384107
AAPL,2023-10-10,176.57261638357625,178.17871838563994,176.42389371024447,176.86012268066406,43698000,176.86012268066406,-0.0033521959742692786
AAPL,2023-10-11,176.6717569025772,178.30761560829964,176.0769115688026,178.25804138183594,47551100,178.25804138183594,0.007904092115190497
AAPL,2023-10-12,178.52572180730996,180.77624333047945,177.50454119898205,179.1602325439453,56743100,179.1602325439453,0.005061152670116309
AAPL,2023-10-13,179.86414450043375,180.3697653062864,176.61227491408687,177.31619262695312,51427100,177.31619262695312,-0.010292685440335458
AAPL,2023-10-16,175.2341951108354,177.5442148871955,174.99624790055657,177.1873016357422,52517000,177.1873016357422,-0.0007268991585112072
AAPL,2023-10-17,175.13505578762425,176.8898806260753,173.30093033620963,175.63076782226562,57549400,175.63076782226562,-0.008784680386839772
AAPL,2023-10-18,174.07420545389226,176.0570532000882,173.608235023302,174.33197021484375,54764400,174.33197021484375,-0.0073950460020548725
AAPL,2023-10-19,174.53027383635083,176.31484005715805,173.68757251536525,173.95526123046875,59302900,173.95526123046875,-0.0021608714908157856
AAPL,2023-10-20,173.80653768363138,173.91559492791032,171.15943743932888,171.3973846435547,64244000,171.3973846435547,-0.014704220894619535
AAPL,2023-10-23,169.44428482707696,172.5176902474739,168.47267838425373,171.516357421875,55980100,171.516357421875,0.0006941341524417943
AAPL,2023-10-24,171.5659057161436,172.18058368172586,169.97962145460033,171.9525604248047,43816600,171.9525604248047,0.002543215174846347
AAPL,2023-10-25,170.4059694558874,171.57584256593557,169.18650699014253,169.63265991210938,57157000,169.63265991210938,-0.013491514793173454
AAPL,2023-10-26,168.90890687614657,169.91025482669738,164.24921696829185,165.45875549316406,70625300,165.45875549316406,-0.024605547193022326
AAPL,2023-10-27,165.47858075180807,167.5110029440003,165.39926501775972,166.77734375,58499100,166.77734375,0.007969286683595422
AAPL,2023-10-30,167.57047708446643,169.70203248533966,167.42175441803172,168.82957458496094,51131000,168.82957458496094,0.012305213578873486
AAPL,2023-10-31,167.89766069037708,169.43435579022267,166.4600837859852,169.30548095703125,44846000,169.30548095703125,0.0028188566679756555
AAPL,2023-11-01,169.5334969755198,172.73579212701503,168.66103905073186,172.47802734375,56934900,172.47802734375,0.018738592328997994
AAPL,2023-11-02,174.01475779740764,176.2553707597914,173.95527477340474,176.04718017578125,77334800,176.04718017578125,0.020693376930372098
AAPL,2023-11-03,172.74571998498175,175.30359567263832,171.8633532465518,175.13504028320312,79829200,175.13504028320312,-0.005181224099513382
AAPL,2023-11-06,174.86735256910734,177.8911833660216,174.69881232122145,177.69290161132812,63841300,177.69290161132812,0.014605080308251361
AAPL,2023-11-07,177.64333789269085,180.87538968418903,177.4351473327296,180.26071166992188,70530000,180.26071166992188,0.014450830817149818
AAPL,2023-11-08,180.78617090399567,181.87672821790488,180.03267898856913,181.321533203125,49340300,181.321533203125,0.0058849292415177334
AAPL,2023-11-09,181.39094357988108,182.54098393459677,180.2507968912838,180.8456573486328,53763500,180.8456573486328,-0.002624486160499706
AAPL,2023-11-10,182.632564397052,185.2136688107188,182.19576071339824,185.04489135742188,66133400,185.04489135742188,0.02321998808461201
AAPL,2023-11-13,184.46910132249656,184.67756614585693,182.8708053693486,183.45651245117188,43627500,183.45651245117188,-0.008583749027591292
AAPL,2023-11-14,186.33545119454976,186.7424742026089,184.9456350058848,186.0773468017578,60108400,186.0773468017578,0.014285861622293172
AAPL,2023-11-15,186.4843631662735,188.12236184083608,186.414864785386,186.6431884765625,53790500,186.6431884765625,0.003040895006996891
AAPL,2023-11-16,188.191859451107,189.57175373642212,187.2785343944212,188.33084106445312,54412900,188.33084106445312,0.009042133290080079
AAPL,2023-11-17,188.8669158544037,188.99597562451044,187.1991364308411,188.3109893798828,50922700,188.3109893798828,-0.00010540856961138712
AAPL,2023-11-20,188.50952517211448,190.51484429092645,188.4996033239707,190.0581817626953,46505100,190.0581817626953,0.009278228469650651
AAPL,2023-11-21,190.01848054916417,190.1276814709477,188.36062302598555,189.2540740966797,38134500,189.2540740966797,-0.004230850040539802
AAPL,2023-11-22,190.09787347152115,191.52739194971423,189.44266803493824,189.91917419433597,39617700,189.91917419433597,0.0035143238042871783
AAPL,2023-11-24,189.4823945368072,189.5121752287953,187.874176578012,188.5889434814453,24048300,188.5889434814453,-0.007004193855273844
AAPL,2023-11-27,188.5393075690696,189.28385517880056,187.52671857843467,188.4102478027344,40552600,188.4102478027344,-0.0009475405896660627
AAPL,2023-11-28,188.4003202806091,189.690872461515,188.023077989058,189.01580810546875,38415400,189.01580810546875,0.0032140518352714587
AAPL,2023-11-29,189.51216190888897,190.693513100917,187.5962001689742,187.9932861328125,43014200,187.9932861328125,-0.005409716694625311
AAPL,2023-11-30,188.4598756228668,188.93639696992796,186.82187704243876,188.56907653808597,48794400,188.56907653808597,0.003062824301431011
AAPL,2023-12-01,188.94632812953895,190.16738195236096,187.8543189235293,189.84971618652344,45704800,189.84971618652344,0.006791355570852753
AAPL,2023-12-04,188.5988763355123,188.6683747194466,186.08727017888344,188.0528717041016,43389500,188.0528717041016,-0.009464562383946329
AAPL,2023-12-05,188.8271848225055,192.986710905306,188.79738898570997,192.0138397216797,66628400,192.0138397216797,0.021063055201893555
AAPL,2023-12-06,193.03634912187636,193.34409300404036,190.7133645134209,190.92184448242188,41089700,190.92184448242188,-0.005687065270090108
AAPL,2023-12-07,192.22231940614063,193.58235469178888,192.1826017223777,192.857666015625,47477700,192.857666015625,0.010139340202013125
AAPL,2023-12-08,192.78816888710017,194.56516412443645,192.26202318278132,194.2872009277344,53406400,194.2872009277344,0.007412383140598555
AAPL,2023-12-11,191.70612101402028,192.08336332058192,190.02840462687192,191.77560424804688,60943700,191.77560424804688,-0.012927236934262676
AAPL,2023-12-12,191.6763396332624,193.3044164772001,190.32622602015357,193.29449462890625,52696900,193.29449462890625,0.007920143893249465
AAPL,2023-12-13,193.67169801773704,196.5605460420224,193.43345250504257,196.52084350585935,70404200,196.52084350585935,0.01669136455824649
AAPL,2023-12-14,196.58042720970235,198.16878635020208,194.7339485373248,196.66976928710935,66831600,196.66976928710935,0.0007578116325639428
AAPL,2023-12-15,196.0939798220772,196.95765018105732,195.56783406915136,196.1336975097656,128538400,196.1336975097656,-0.002725745696895432
AAPL,2023-12-18,194.66442432038556,195.20050700939825,192.97678633039985,194.46588134765625,55751900,194.46588134765625,-0.008503465662886955
AAPL,2023-12-19,194.73394198979324,195.5181921115413,194.46590061872467,195.50827026367188,40714100,195.50827026367188,0.005360266329454966
AAPL,2023-12-20,195.4685635611656,196.2428918785589,193.4136199951172,193.4136199951172,52242800,193.4136199951172,-0.010713870393972313
AAPL,2023-12-21,194.6743535867769,195.647224718029,192.0932496001896,193.26466369628903,46482500,193.26466369628903,-0.0007701437925204946
AAPL,2023-12-22,193.7610508645393,193.98938969071887,191.5671258578461,192.1925506591797,37149600,192.1925506591797,-0.005547382623417141
AAPL,2023-12-26,192.2024718325653,192.48043504376977,191.42814358023,191.64654541015625,28919300,191.64654541015625,-0.0028409282625718735
AAPL,2023-12-27,191.09064392317032,192.0932959838613,189.7008125379297,191.74583435058597,48087700,191.74583435058597,0.0005180836430795921
AAPL,2023-12-28,192.72862541967717,193.24484932489415,191.76567598880632,192.17269897460935,34049900,192.17269897460935,0.00222620024820408
AAPL,2023-12-29,192.4903453423781,192.98671035372809,190.33612301086217,191.13031005859372,42672100,191.13031005859372,-0.005424229984683504
AAPL,2024-01-02,185.78943757371047,187.0700679228564,182.55314280656532,184.29042053222656,82488700,184.29042053222656,-0.03578652451445452
AAPL,2024-01-03,182.88074176951616,184.5286773848404,182.0964765011294,182.9105224609375,58414500,182.9105224609375,-0.007487627774161787
AAPL,2024-01-04,180.82578520690032,181.7589539428833,179.5650288616003,180.5875396728516,71983600,180.5875396728516,-0.01270010471148264
AAPL,2024-01-05,180.66697820637785,181.43136956938284,178.86020193485106,179.86285400390625,62379700,179.86285400390625,-0.004012932842754058
AAPL,2024-01-08,180.76620883550703,184.2507009606552,180.18050174905397,184.2109832763672,59144500,184.2109832763672,0.024174692971159706
AAPL,2024-01-09,182.58292017691045,183.80397397190293,181.40156892129536,183.79405212402344,42841800,183.79405212402344,-0.0022633349267684455
AAPL,2024-01-10,183.00980597306068,185.0448906262594,182.58292413922769,184.83642578125,46792900,184.83642578125,0.005671422144407412
AAPL,2024-01-11,185.1838742981323,185.69017636593316,182.28510409693845,184.24078369140625,49128400,184.24078369140625,-0.003222536290269362
AAPL,2024-01-12,184.7073562390581,185.382420570264,183.84368591687615,184.56837463378903,40477800,184.56837463378903,0.0017780587762341593
AAPL,2024-01-16,180.83571426310817,182.92043833380225,179.61464536328148,182.29502868652344,65603000,182.29502868652344,-0.0123170936070508
AAPL,2024-01-17,179.95219077216925,181.6001112377356,178.98924135636386,181.3519287109375,47317400,181.3519287109375,-0.00517348159399178
AAPL,2024-01-18,184.73712427915876,187.76495384502812,184.4790199292933,187.2586669921875,78005800,187.2586669921875,0.03257058429560433
AAPL,2024-01-19,187.9535897974558,190.55453778649465,187.4473029046773,190.16737365722656,68903000,190.16737365722656,0.0155330950057464
AAPL,2024-01-22,190.9020010109637,193.90997199821769,190.86228332421425,192.48043823242188,60133900,192.48043823242188,0.0121633092507476
AAPL,2024-01-23,193.60223731108647,194.3269260762536,192.42088601370864,193.7610626220703,42355600,193.7610626220703,0.006653270334422645
AAPL,2024-01-24,193.99930838143555,194.9523359132993,192.92715808853583,193.08599853515625,53631300,193.08599853515625,-0.003484002811394382
AAPL,2024-01-25,193.80076191791213,194.84313150183985,191.706100902768,192.7583923339844,54822100,192.7583923339844,-0.0016966854337301385
AAPL,2024-01-26,192.8576902573573,193.3441183356605,190.5446271928072,191.0211334228516,44594000,191.0211334228516,-0.009012623990569124
AAPL,2024-01-29,190.614099077556,190.80272021826383,188.20177223046255,190.3361358642578,47145600,190.3361358642578,-0.0035859778775233497
AAPL,2024-01-30,189.55191569524249,190.40566431316887,186.10714052797,186.6729888916016,55859400,186.6729888916016,-0.01924567269385291
AAPL,2024-01-31,185.68025544188865,185.73983197985604,183.00982384900644,183.0594482421875,55467800,183.0594482421875,-0.01935759785531921
AAPL,2024-02-01,182.6524106894615,185.5908832083414,182.48364839562151,185.5015411376953,64885400,185.5015411376953,0.013340436229638986
AAPL,2024-02-02,178.55242764739413,185.96812234304272,177.94686171013706,184.49888610839844,102551700,184.49888610839844,-0.00540510350020551
AAPL,2024-02-05,186.782166645184,187.87417583998956,184.48896248395175,186.31558227539065,69668800,186.31558227539065,0.009846651138722073
AAPL,2024-02-06,185.50154897397763,187.9337347140823,185.4122068995574,187.9238128662109,43490800,187.9238128662109,0.008631755708135902
AAPL,2024-02-07,189.2540584961332,189.66108145721643,187.2388176812248,188.0330047607422,53439000,188.0330047607422,0.0005810434178930013
AAPL,2024-02-08,188.0131716874575,188.1620751580878,185.98800874758209,186.95095825195312,40962000,186.95095825195312,-0.005754556282105305
AAPL,2024-02-09,187.5174970927484,188.8494643803939,186.8714052160575,187.71630859375,45155200,187.71630859375,0.004093856212095126
AAPL,2024-02-12,187.28888476363343,187.537383976275,185.66866504371015,186.0265045166016,41781900,186.0265045166016,-0.009001903403105138
AAPL,2024-02-13,184.6548126341336,185.09217370700773,182.4083698811328,183.9291839599609,56529500,183.9291839599609,-0.011274310411253818
AAPL,2024-02-14,184.20751487981576,184.41624573755996,181.34479892181088,183.0445251464844,54630500,183.0445251464844,-0.004809779472892628
AAPL,2024-02-15,182.4481499819002,183.38250957635185,180.2613596441227,182.75628662109372,65434500,182.75628662109372,-0.0015746907762470563
AAPL,2024-02-16,182.31888265706772,183.7403059011213,180.57938833891825,181.21554565429688,49752500,181.21554565429688,-0.00843057711054962
AAPL,2024-02-20,180.6986620021168,181.33481931364503,178.91941449816937,180.4700469970703,53665600,180.4700469970703,-0.0041138780590531665
AAPL,2024-02-21,180.8478012209779,181.79209525720324,179.57548638259638,181.22552490234372,41371400,181.22552490234372,0.004186167831416787
AAPL,2024-02-22,182.37854224114136,183.84966853541167,181.36467634977905,183.26319885253903,52292200,183.26319885253903,0.011243857350079933
AAPL,2024-02-23,183.89934348562096,183.9291621764045,181.1360335803032,181.4243011474609,45119700,181.4243011474609,-0.010034189715076303
AAPL,2024-02-26,181.1459977034405,181.66286516303876,179.56553112991756,180.07247924804688,40867400,180.07247924804688,-0.007451162225038832
AAPL,2024-02-27,180.01283169575817,182.81589486499632,178.48206808634893,181.5336456298828,54318900,181.5336456298828,0.00811432367643028
AAPL,2024-02-28,181.4143703487687,182.0207090697704,179.0486680197237,180.33091735839844,48953900,180.33091735839844,-0.006625373865605799
AAPL,2024-02-29,180.1818301671186,181.4740292269061,178.45227002550848,179.66494750976562,136682600,179.66494750976562,-0.003693043092046322
AAPL,2024-03-01,178.47214167082092,179.44625436004063,176.31517027538305,178.58148193359375,73563100,178.58148193359375,-0.006030478349779322
AAPL,2024-03-04,175.0925585764457,175.8380562970389,172.74672514229152,174.0488739013672,81510100,174.0488739013672,-0.025381176050000676
AAPL,2024-03-05,169.73491231886675,171.00722719097524,168.60175641192043,169.0987548828125,95132400,169.0987548828125,-0.028440971249029223
AAPL,2024-03-06,170.03309257401145,170.21201988746688,167.6673753032203,168.104736328125,68587700,168.104736328125,-0.005878331602006015
AAPL,2024-03-07,168.13456709874717,169.70508399774383,167.47854068144582,167.9854736328125,71765100,167.9854736328125,-0.0007094547001919027
AAPL,2024-03-08,167.98548292374957,172.65726551008456,167.9258455340773,169.70509338378906,76267000,169.70509338378906,0.010236716983846872
AAPL,2024-03-11,171.9018287593836,173.33318674250597,171.01717211248007,171.7129669189453,60139500,171.7129669189453,0.011831545507095864
AAPL,2024-03-12,172.11054191154895,172.98526395951052,169.98338934079592,172.1900634765625,59825400,172.1900634765625,0.002778453870885489
AAPL,2024-03-13,171.7328305288075,172.15030736266894,169.73488726374302,170.10267639160156,52488700,170.10267639160156,-0.012122575732978147
AAPL,2024-03-14,171.87200022180366,173.26358975503445,171.0171623179081,171.96145629882812,72913500,171.96145629882812,0.010927399536897253
AAPL,2024-03-15,170.14243263043366,171.58372497558594,169.2677105816515,171.58372497558594,121752700,171.58372497558594,-0.002196604584377204
AAPL,2024-03-18,174.51603957790343,176.64319229534289,172.4783429395777,172.67713928222656,75604200,172.67713928222656,0.006372482627919451
AAPL,2024-03-19,173.29340452493878,175.54978158656556,171.99127109820583,175.02296447753906,55215200,175.02296447753906,0.01358503624199181
AAPL,2024-03-20,174.66512448913912,177.597412109375,174.0389016316341,177.597412109375,53423100,177.597412109375,0.014709199101506032
AAPL,2024-03-21,175.98714219427453,176.42450322724187,169.81441519205438,170.3412322998047,106181300,170.3412322998047,-0.04085746364987308
AAPL,2024-03-22,170.7289059277682,172.0111704512642,169.0391141931604,171.24578857421875,71160100,171.24578857421875,0.005310260247630705
AAPL,2024-03-25,169.54605342761408,170.90782428626645,168.43276661931924,169.82437133789062,54288300,169.82437133789062,-0.008300450762396827
AAPL,2024-03-26,168.97947557636294,170.39094937582044,168.5619986920605,168.69122314453125,57388400,168.69122314453125,-0.006672471003027036
AAPL,2024-03-27,169.3870074763491,172.55785986634996,169.08880538680637,172.26959228515625,60273300,172.26959228515625,0.02121253894495223
AAPL,2024-03-28,170.7189448975998,171.19605909940955,169.4863834451387,170.4505615234375,65672700,170.4505615234375,-0.01055920976876601
AAPL,2024-04-01,170.16231728997553,170.22195467216173,168.46257606173032,169.00927734375,46240500,169.00927734375,-0.00845573148487
AAPL,2024-04-02,168.0649959882119,168.3234297194346,167.22009256480143,167.82643127441406,49329500,167.82643127441406,-0.006998704970083591
AAPL,2024-04-03,167.7767233727702,169.6553768320082,167.56799252573734,168.63156127929688,47691700,168.63156127929688,0.0047973969223378266
AAPL,2024-04-04,169.2677258236611,170.88794562795422,167.8065643310547,167.8065643310547,53704400,167.8065643310547,-0.004892304512770229
AAPL,2024-04-05,168.5719309687928,169.36713152382467,167.9357735582051,168.56199645996094,42104800,168.56199645996094,0.004501803203692978
AAPL,2024-04-08,168.0153170956592,168.18429477102626,167.23006611398964,167.4387969970703,37425500,167.4387969970703,-0.00666342050093971
AAPL,2024-04-09,167.6872804964856,169.05900112515698,167.33939066831408,168.65145874023438,42373800,168.65145874023438,0.007242417915755084
AAPL,2024-04-10,167.78667770328389,168.0749301271986,166.1068205360595,166.77279663085938,49709300,166.77279663085938,-0.011139317284344474
AAPL,2024-04-11,167.3294357885208,174.4067040844594,167.1505236254001,173.9892120361328,91070300,173.9892120361328,0.04327093837280005
AAPL,2024-04-12,173.21389665591337,177.28929006742356,173.16420894399843,175.4901580810547,101670900,175.4901580810547,0.00862666154617786
AAPL,2024-04-15,174.30729011068368,175.56967037066977,171.46445848220424,171.6533203125,73531800,171.6533203125,-0.021863549560326545
AAPL,2024-04-16,170.71895735574867,172.71688554496447,167.2598525976239,168.36318969726562,73711200,168.36318969726562,-0.019167299585260533
AAPL,2024-04-17,168.5917904626445,169.6255404157564,166.991455078125,166.991455078125,50901200,166.991455078125,-0.008147473456680987
AAPL,2024-04-18,167.02129381245496,167.62763251332663,165.55018268321453,166.0372314453125,43122900,166.0372314453125,-0.0057142063488582195
AAPL,2024-04-19,165.21223390744998,165.40108058085156,163.09501562510533,164.00949096679688,68149400,164.00949096679688,-0.01221256498235157
AAPL,2024-04-22,164.52638076461832,166.2559257648484,163.78088304598398,164.84445190429688,48116400,164.84445190429688,0.005090930607601463
AAPL,2024-04-23,164.35737315952596,166.04716464714997,163.9299466584378,165.89805603027344,49537800,165.89805603027344,0.006391504923612734
AAPL,2024-04-24,165.54024770277562,168.28368903028098,165.2122420517991,168.00537109375,48251800,168.00537109375,0.012702469901708868
AAPL,2024-04-25,168.51227772975648,169.58579610298705,167.14055728054169,168.8701171875,50558300,168.8701171875,0.005147133619123778
AAPL,2024-04-26,168.86018085141623,170.31140768247312,168.16437095925713,168.28366088867188,44838400,168.28366088867188,-0.0034728246097974758
AAPL,2024-04-29,172.32924112310414,174.97327656975762,172.06087287514865,172.45846557617188,68169400,172.45846557617188,0.024808140406820778
AAPL,2024-04-30,172.2894858404387,173.93952434742974,168.97947431756717,169.3074951171875,65934800,169.3074951171875,-0.018270894667056226
AAPL,2024-05-01,168.56197877866052,171.67319360904702,168.0947990703537,168.28366088867188,50383100,168.28366088867188,-0.006047187856668579
AAPL,2024-05-02,171.47440458209337,172.37894542666191,169.8641344122997,171.9912872314453,94214900,171.9912872314453,0.022032004314585407
AAPL,2024-05-03,185.52950301417596,185.8774079729792,181.56346535319665,182.27914428710935,163224100,182.27914428710935,0.05981615244160521
AAPL,2024-05-06,181.2553438213473,183.0942290168702,179.33692188523904,180.6191864013672,78569700,180.6191864013672,-0.009106680263582634
AAPL,2024-05-07,182.34872294128857,183.79001537072008,180.23151991986552,181.30502319335935,77305800,181.30502319335935,0.0037971425165659323
AAPL,2024-05-08,181.7523151046885,181.97099560703435,180.3607105291073,181.6429748535156,45057100,181.6429748535156,0.0018639950190229015
AAPL,2024-05-09,181.46407733528636,183.55147695770705,181.0167817496789,183.46202087402344,48983000,183.46202087402344,0.010014403375494085
AAPL,2024-05-10,184.039301056681,184.22841905381327,181.2822060927068,182.1979217529297,50759500,182.1979217529297,-0.006890249628078382
AAPL,2024-05-13,184.57678612826817,186.22906253508128,183.76059590764,185.41287231445312,72044800,185.41287231445312,0.017645374494902777
AAPL,2024-05-14,186.637155065652,187.4234862033045,185.42283282321628,186.5575256347656,52393600,186.5575256347656,0.006173537500520299
AAPL,2024-05-15,187.03529613574696,189.76253191302305,186.49780129168897,188.8368682861328,70400000,188.8368682861328,0.012217907820184282
AAPL,2024-05-16,189.58337106367236,190.21044329921963,188.77714401097435,188.956298828125,52845200,188.956298828125,0.0006324535196762238
AAPL,2024-05-17,188.62785068172937,189.9218023921439,188.2993849653176,188.98617553710935,41282900,188.98617553710935,0.00015811438501733832
AAPL,2024-05-20,188.44869465688268,191.02663488992152,188.1301769262196,190.15072631835935,44361300,190.15072631835935,0.0061620950735696844
AAPL,2024-05-21,190.2004910768324,191.83285642957057,190.0312842327525,191.4546356201172,42309400,191.4546356201172,0.006857240711112267
AAPL,2024-05-22,191.3750008715001,191.9224436975809,189.38431073139583,190.0113677978516,34648500,190.0113677978516,-0.0075384323685393495
AAPL,2024-05-23,190.0910072071952,190.11091836221465,185.76126503778056,186.01010131835935,51005900,186.01010131835935,-0.021058037347265968
AAPL,2024-05-24,187.94106857836448,189.6928704821682,187.16468542966413,189.0956573486328,36327000,189.0956573486328,0.016588110045660853
AAPL,2024-05-28,190.61851957640835,192.1015891258543,188.219749617586,189.1056060791016,52280100,189.1056060791016,5.261215729790436e-05
AAPL,2024-05-29,188.7273931739324,191.35510374397245,188.6278525845266,189.4042205810547,53068000,189.4042205810547,0.0015790885746040928
AAPL,2024-05-30,189.8720349370489,191.2854232244703,189.7426503955058,190.39956665039065,49889100,190.39956665039065,0.0052551419724566895
AAPL,2024-05-31,190.54886021384164,191.67360498875823,189.02598349107927,191.35508728027344,75158300,191.35508728027344,0.005018502125255786
AAPL,2024-06-03,192.0020557606219,194.0823384761381,191.62383496596823,193.12680053710935,50080500,193.12680053710935,0.00925877269330666
AAPL,2024-06-04,193.73397115741048,194.41081372828987,192.13146492648488,193.44532775878903,47471400,193.44532775878903,0.0016493165153350642
AAPL,2024-06-05,194.49042328995185,195.9834409155792,193.9628916105844,194.95823669433597,54156800,194.95823669433597,0.007820860566006615
AAPL,2024-06-06,194.77908126144504,195.58530834672567,193.2661524862918,193.57470703125,41181800,193.57470703125,-0.007096543785709009
AAPL,2024-06-07,193.74390191398703,196.02325051312175,193.2362814217838,195.97348022460935,53103900,195.97348022460935,0.012391976359659829
AAPL,2024-06-10,195.98344204153503,196.3815891899795,191.25555286655265,192.22103881835935,97010200,192.22103881835935,-0.019147699994658707
AAPL,2024-06-11,192.74855695795011,206.1956778920413,192.7286609927464,206.1857147216797,172373300,206.1857147216797,0.07264905022449897
AAPL,2024-06-12,206.40470686074585,219.17498621319095,205.9368934525013,212.07818603515625,198134300,212.07818603515625,0.028578465396744468
AAPL,2024-06-13,213.74042465409653,215.7410629536853,210.61504146610727,213.2427520751953,97862700,213.2427520751953,0.005491210868080465
AAPL,2024-06-14,212.8545549484321,214.16840257809503,210.31642191496232,211.5008850097656,70122700,211.5008850097656,-0.008168470198768985
AAPL,2024-06-17,212.37678083551464,217.9308083607288,211.72981259041407,215.6614227294922,93728300,215.6614227294922,0.019671490828676585
AAPL,2024-06-18,216.5771221156608,217.6122894552709,212.008492058615,213.29248046875,79943300,213.29248046875,-0.010984543414208958
AAPL,2024-06-20,212.93416556238657,213.2427352947433,207.8778259238728,208.70394897460935,86172500,208.70394897460935,-0.021512861044404863
AAPL,2024-06-21,209.41066477171813,210.9036824915187,206.14593390610847,206.524169921875,241805100,206.524169921875,-0.010444359406920123
AAPL,2024-06-24,206.7530842022628,211.70989851928564,205.6283393856244,207.17112731933597,80727000,207.17112731933597,0.0031325989481314487
AAPL,2024-06-25,208.1764007338177,210.39603101963272,207.6389211162797,208.09678649902344,55549700,208.09678649902344,0.00446808969794632
AAPL,2024-06-26,210.51548557795783,213.8598456726642,209.65948819693892,212.25733947753903,66213200,212.25733947753903,0.019993355248352662
AAPL,2024-06-27,213.69065882378797,214.7357742988709,211.36155475092565,213.10340881347656,49772700,213.10340881347656,0.003986054560092489
AAPL,2024-06-28,214.76560832661605,215.0642148828325,209.3210696212814,209.6395721435547,82542700,209.6395721435547,-0.016254252755542153
AAPL,2024-07-01,211.10273143743845,216.4974998735104,210.933524598722,215.7410430908203,60402900,215.7410430908203,0.029104576415980965
AAPL,2024-07-02,215.1438274713018,219.35414798734175,214.0987273142061,219.24465942382807,58046200,219.24465942382807,0.016239915608143418
AAPL,2024-07-03,218.9759193514984,220.51870727539065,218.01043340115496,220.51870727539065,37369800,220.51870727539065,0.005811078157665239
AAPL,2024-07-05,220.618221554563,225.3958807735831,220.618221554563,225.2863922119141,60412400,225.2863922119141,0.021620319633786966
AAPL,2024-07-08,226.0329238568709,226.78939588229812,222.21080217009415,226.7595367431641,59085900,226.7595367431641,0.006538985851681112
AAPL,2024-07-09,226.8690002119573,228.33215871662,225.3162642938077,227.61550903320312,48076100,227.61550903320312,0.0037748017231511444
AAPL,2024-07-10,228.23262994836375,231.9950331368443,228.1828596567971,231.8954925537109,62627700,231.8954925537109,0.018803567202810623
AAPL,2024-07-11,230.3129068746265,231.30825199534104,224.7190721562944,226.5106964111328,64710600,226.5106964111328,-0.023220788309763707
AAPL,2024-07-12,227.8544036714271,231.55708874298097,227.6155153743793,229.46685791015625,53046500,229.46685791015625,0.013050869322558611
AAPL,2024-07-15,235.3792032824568,236.12571210202407,232.00498402552307,233.3088836669922,62631300,233.3088836669922,0.016743270866332427
AAPL,2024-07-16,233.90608352734432,235.17017597600105,231.2485141029904,233.7269287109375,43234300,233.7269287109375,0.0017918093703710447
AAPL,2024-07-17,228.38192926123955,230.38258262455565,225.58501197125685,227.8145904541016,57345900,227.8145904541016,-0.02529592242299139
AAPL,2024-07-18,229.20805491946456,229.3673137711516,221.2353466054131,223.13644409179688,66034600,223.13644409179688,-0.020534884762998695
AAPL,2024-07-19,223.77348959602472,225.74426861436035,222.24064965794977,223.26585388183597,49151500,223.26585388183597,0.0005799581084380279
AAPL,2024-07-22,225.953286138444,226.7197061195605,222.0515351611177,222.91749572753903,48201800,222.91749572753903,-0.0015602840660143835
AAPL,2024-07-23,223.3255652212696,225.88360930378687,221.64342964759248,223.96258544921875,39960300,223.96258544921875,0.004688235520809325
AAPL,2024-07-24,222.9572958470105,223.75357494115903,216.1192800710717,217.522705078125,61777600,217.522705078125,-0.028754268746169376
AAPL,2024-07-25,217.9108995698048,219.8219755631398,213.620964537798,216.4776153564453,51391200,216.4776153564453,-0.004804508666368168
AAPL,2024-07-26,217.6819649471348,218.4682960618276,215.0044842643322,216.94541931152344,41601300,216.94541931152344,0.002160980729152273
AAPL,2024-07-29,215.95008057489312,218.27918447457571,214.745706315722,217.22412109375,36311800,217.22412109375,0.0012846631337550818
AAPL,2024-07-30,218.1696933781976,219.3043861767773,215.1139766523736,217.7815093994141,41643800,217.7815093994141,0.002565959539196472
AAPL,2024-07-31,220.40921389598267,222.77814001369308,219.6029868223781,221.04623413085935,50036300,221.04623413085935,0.014990826082749376
AAPL,2024-08-01,223.3255700813178,223.43505864730557,216.0097928775357,217.3435516357422,62501000,217.3435516357422,-0.01675071511476267
AAPL,2024-08-02,218.12987665236412,224.54986481713928,216.69659243938972,218.83657836914065,105568600,218.83657836914065,0.006869431930056624
AAPL,2024-08-05,198.1632471674405,212.506173331003,195.0876345333798,208.29586791992188,119548600,208.29586791992188,-0.048167041030217406
AAPL,2024-08-06,204.3443568031922,209.0125278604179,200.13405118519225,206.26536560058597,69660500,206.26536560058597,-0.009748164184017916
AAPL,2024-08-07,205.93688655864332,212.64551772150756,205.42926604632788,208.8433074951172,63516400,208.8433074951172,0.012498181102896133
AAPL,2024-08-08,212.1179963940502,213.2029189157903,207.85792055043288,212.3170623779297,47161100,212.3170623779297,0.016633307164481304
AAPL,2024-08-09,211.1127008665185,215.77090862412464,210.9833011439981,215.23342895507807,42201600,215.23342895507807,0.013735903014507445
AAPL,2024-08-12,215.31315848368172,218.7410960979999,214.8448035806853,216.76803588867188,38028100,216.76803588867188,0.007129965549701467
AAPL,2024-08-13,218.2428407360094,221.11275746457665,218.2428407360094,220.49493408203125,44155300,220.49493408203125,0.017193024691488423
AAPL,2024-08-14,219.7973936824548,222.24876826808693,218.93043078284688,220.943359375,41960600,220.943359375,0.0020337215221548632
AAPL,2024-08-15,223.813271274212,224.56064415441705,221.97970491871703,223.93284606933597,46414000,223.93284606933597,0.013530556893823764
AAPL,2024-08-16,223.1356500786779,226.0354605653956,222.86659157853387,225.25819396972656,44340200,225.25819396972656,0.0059185060327426875
AAPL,2024-08-19,224.92935218120843,225.19841068626937,222.25873174304007,225.0987548828125,40687800,225.0987548828125,-0.000707805936397965
AAPL,2024-08-20,224.9791850293864,226.3742750764108,224.6602986155859,225.71658325195312,30299000,225.71658325195312,0.0027446991853077307
AAPL,2024-08-21,225.72653885026276,227.18141617539888,224.2616868222014,225.60694885253903,34765500,225.60694885253903,-0.0004857170786238818
AAPL,2024-08-22,226.9920904114928,227.5401669123529,223.11571691317772,223.74351501464844,43695300,223.74351501464844,-0.008259647352921617
AAPL,2024-08-23,224.86956599566977,227.42059644239848,223.5442228703079,226.04542541503903,38677300,226.04542541503903,0.01028816589495296
AAPL,2024-08-26,225.96568932825608,226.4838721062008,223.10574735994535,226.38421630859372,30602200,226.38421630859372,0.0014987735006477543
AAPL,2024-08-27,225.2083589230157,228.04838192077383,224.1022464634546,227.2312469482422,35934600,227.2312469482422,0.0037415622584475727
AAPL,2024-08-28,227.1216236092518,229.05483047059747,224.8894645684117,225.69664001464844,38052200,225.69664001464844,-0.006753503112814863
AAPL,2024-08-29,229.29401907737392,232.1041333637585,228.07829123837303,228.98509216308597,51906300,228.98509216308597,0.014570230856002508
AAPL,2024-08-30,229.3836948285937,229.59295072736157,226.68318070354871,228.19786071777344,52990800,228.19786071777344,-0.0034379157082935485
AAPL,2024-09-03,227.7494219919808,228.19784265919515,220.39526831044307,221.9896697998047,50190600,221.9896697998047,-0.027205298500351915
AAPL,2024-09-04,220.8835610121704,221.0031358039712,216.71819503548093,220.07640075683597,43840200,220.07640075683597,-0.008618730072863956
AAPL,2024-09-05,220.85365562251368,224.690160307972,220.7440403340526,221.6010284423828,36615400,221.6010284423828,0.006927720011340233
AAPL,2024-09-06,223.16555001573383,224.45103994819863,219.000198922793,220.0465240478516,48423000,220.0465240478516,-0.007014878971716487
AAPL,2024-09-09,220.046503599942,220.4949242674857,215.95089978640885,220.1361846923828,67180000,220.1361846923828,0.0004074622169978337
AAPL,2024-09-10,218.1531703875452,220.7042008473601,215.97083903478983,219.3390045166016,51591000,219.3390045166016,-0.0036213045887717454
AAPL,2024-09-11,220.6842571655674,222.3085371188772,217.1267551763312,221.8800506591797,44587100,221.8800506591797,0.011585017211955817
AAPL,2024-09-12,221.72061131734023,222.7669363444001,219.0500063088,221.9896697998047,37455600,221.9896697998047,0.0004940468523391139
AAPL,2024-09-13,222.7968456308755,223.25522582753555,221.1326971327844,221.7206268310547,36766600,221.7206268310547,-0.0012119616601647953
AAPL,2024-09-16,215.78148650258865,216.45911247240772,213.17066883128115,215.5622711181641,59357400,215.5622711181641,-0.027775294526760974
AAPL,2024-09-17,214.9942587915762,216.1402244248995,213.7486373617293,216.03060913085935,45519300,216.03060913085935,0.0021726344330381675
AAPL,2024-09-18,216.7879611815548,221.9298901997397,216.777986478492,219.91696166992188,59894900,219.91696166992188,0.017989823547219563
AAPL,2024-09-19,224.20191472936156,229.01499812075548,223.84317512238368,228.0683135986328,66781300,228.0683135986328,0.037065589970024515
AAPL,2024-09-20,229.1644542640561,232.27352055331795,226.82267984404157,227.4006500244141,318679900,227.4006500244141,-0.002927471877543275
AAPL,2024-09-23,226.54365969576136,228.6462693022069,225.01902026418156,225.6767120361328,54146000,225.6767120361328,-0.007581060072151091
AAPL,2024-09-24,227.8490778167103,228.5466380182851,224.93930782860403,226.5735626220703,43556100,226.5735626220703,0.003974050214777591
AAPL,2024-09-25,224.1421137055169,226.49384776666977,223.23531278607825,225.5770721435547,42308700,225.5770721435547,-0.004398088051331017
AAPL,2024-09-26,226.5038071284677,227.69960067739044,224.62042810744603,226.72303771972656,36636700,226.72303771972656,0.005080150944784867
AAPL,2024-09-27,227.6597471643239,228.71603171782343,226.50380681299467,226.99208068847656,34026000,226.99208068847656,0.001186659156722225
AAPL,2024-09-30,229.23421467656505,232.1838531494141,228.84558136749,232.1838531494141,54541900,232.1838531494141,0.022872042254472813
AAPL,2024-10-01,228.7160362790288,228.8455705723828,222.9562838134916,225.41763305664065,63285000,225.41763305664065,-0.02914164788375384
AAPL,2024-10-02,225.09875954956595,226.5735711981907,222.23881735408236,225.9856414794922,32880600,225.9856414794922,0.0025198047515155864
AAPL,2024-10-03,224.3513743130228,226.01552277761735,222.53775735368689,224.8795166015625,34044200,224.8795166015625,-0.004894668841294747
AAPL,2024-10-04,227.1017072618697,227.20136306464835,223.3449237414969,226.0055694580078,37245100,226.0055694580078,0.005007360712360631
AAPL,2024-10-07,223.7136221153256,224.8994562199718,220.55472780586587,220.91346740722656,39505400,220.91346740722656,-0.022530869761275385
AAPL,2024-10-08,223.5143196873273,225.1884276449642,222.4679946111341,224.9791717529297,31855700,224.9791717529297,0.018404058355611763
AAPL,2024-10-09,224.44106139019917,228.94523301761677,224.0424685900414,228.7359619140625,33591100,228.7359619140625,0.016698390930421247
AAPL,2024-10-10,226.98213565099732,228.6961120865482,226.37427173832708,228.2377166748047,28183500,228.2377166748047,-0.0021782549411492047
AAPL,2024-10-11,228.4968150773993,228.60643037956845,226.54367384020583,226.75294494628903,31759200,226.75294494628903,-0.006505374090432059
AAPL,2024-10-14,227.89890830734765,230.91829362955485,227.79926770980504,230.48980712890625,39882100,230.48980712890625,0.016479883793802053
AAPL,2024-10-15,232.7917037363273,236.65811760908664,231.5560417756155,233.03086853027344,64751400,233.03086853027344,0.011024615070921673
AAPL,2024-10-16,230.78874694170784,231.3069145139278,229.0349022193022,230.96810913085935,34082200,230.96810913085935,-0.008851871910463771
AAPL,2024-10-17,232.6123377292532,233.0308799404877,229.71254238803704,231.3368225097656,32993800,231.3368225097656,0.0015963822031264119
AAPL,2024-10-18,235.3526934642464,235.3526934642464,233.19029643777657,234.1768341064453,46431500,234.1768341064453,0.012276522024762482
AAPL,2024-10-21,233.62876897482323,236.02037141360947,233.62876897482323,235.6516571044922,36254500,235.6516571044922,0.006297903051232234
AAPL,2024-10-22,233.07072804715943,235.3925683333293,231.7852533575211,235.0338287353516,38846600,235.0338287353516,-0.002621786652094893
AAPL,2024-10-23,233.26006870913344,234.31635331873264,226.96219904424217,229.95169067382807,52287000,229.95169067382807,-0.02162300673426043
AAPL,2024-10-24,229.17442995295067,230.011499186794,227.60993720006027,229.7623748779297,31109500,229.7623748779297,-0.0008232850793296054
AAPL,2024-10-25,228.935262581316,232.4030684340921,228.76585988907573,230.5994110107422,38802300,230.5994110107422,0.0036430513623355587
AAPL,2024-10-28,232.5027368410313,233.9077863541258,231.7354297301684,232.5824432373047,36087100,232.5824432373047,0.008599467873185995
AAPL,2024-10-29,232.2835059613629,233.50919327337172,231.5062393532264,232.85150146484372,35417200,232.85150146484372,0.0011568294828880887
AAPL,2024-10-30,231.7951933609985,232.6521814837961,228.74591463730957,229.2939910888672,47070900,229.2939910888672,-0.015278022059538432
AAPL,2024-10-31,228.5366609095724,229.02495000446748,224.5805658660821,225.11868286132807,64370100,225.11868286132807,-0.018209409708957014
AAPL,2024-11-01,220.1959740256502,224.560636360266,219.4984290694042,222.12918090820312,65276700,222.12918090820312,-0.013279670594761206
AAPL,2024-11-04,220.21591416091667,222.0095968952219,218.94039900502227,221.2323303222656,44944500,221.2323303222656,-0.004037518088666481
AAPL,2024-11-05,221.02308305755813,223.1655459656629,220.36539125313263,222.66729736328125,28111300,222.66729736328125,0.006486244749695391
AAPL,2024-11-06,221.83023455712816,225.27812143912797,220.41521040716108,221.9398498535156,54561100,221.9398498535156,-0.003266970580681261
AAPL,2024-11-07,223.8431738287627,227.081789771112,223.7833864288354,226.6831817626953,42137700,226.6831817626953,0.021372150662940514
AAPL,2024-11-08,226.6233197345054,228.10973956989392,225.8651541338214,226.4138336181641,38328800,226.4138336181641,-0.0011882140635082195
AAPL,2024-11-11,224.4585504714927,225.15686291743447,220.96697301971395,223.69039916992188,42005600,223.69039916992188,-0.012028569123718635
AAPL,2024-11-12,224.0096364149637,225.04712701721013,222.82249764582767,223.69039916992188,40398300,223.69039916992188,0.0
AAPL,2024-11-13,223.4709328440985,226.10457929193407,222.2239408664857,224.5782623291016,48566200,224.5782623291016,0.0039691607796956685
AAPL,2024-11-14,224.478510489453,228.3192366196321,224.4585543557752,227.6708068847656,44923900,227.6708068847656,0.013770453665422622
AAPL,2024-11-15,225.8551667084814,226.3739196007606,223.73030286311797,224.4585418701172,47923700,224.4585418701172,-0.014109252998230404
AAPL,2024-11-18,224.7079445945764,229.18714506333228,224.62813528483125,227.4712829589844,44633700,227.4712829589844,0.01342226080489528
AAPL,2024-11-19,226.43377721041003,229.6061325797712,226.11455519341968,227.73065185546875,36211800,227.73065185546875,0.001140226990899329
AAPL,2024-11-20,227.51117324017343,229.37666823104936,225.34639715216647,228.44891357421875,35169600,228.44891357421875,0.00315399667501004
AAPL,2024-11-21,228.3292117939797,229.60613029336437,225.16684213362325,227.97007751464844,42108300,227.97007751464844,-0.002096031239889218
AAPL,2024-11-22,227.51117639639196,230.16477882059493,227.51117639639196,229.3168182373047,38168300,229.3168182373047,0.005907532854041886
AAPL,2024-11-25,230.9030055193102,232.6886912431441,229.1871434272115,232.30960083007807,90152800,232.30960083007807,0.01305086393478705
AAPL,2024-11-26,232.76849125195545,235.0031061533749,232.76849125195545,234.49432373046875,45986200,234.49432373046875,0.00940435906473236
AAPL,2024-11-27,233.90577001446653,235.12283541072824,233.24735459247512,234.3646545410156,33498400,234.3646545410156,-0.0005529736813680852
AAPL,2024-11-29,234.24494059041533,237.2377212602243,233.4069656561656,236.7588806152344,28481400,236.7588806152344,0.010215815515815407
AAPL,2024-12-02,236.69901868412032,240.21053691361496,236.58928278806928,239.013427734375,48137100,239.013427734375,0.00952254510277295
AAPL,2024-12-03,239.232908507596,242.1758064568113,238.32509471728144,242.06607055664065,38861000,242.06607055664065,0.012771846549383792
AAPL,2024-12-04,242.28553892887177,243.5225604021956,240.66944226019712,242.4252014160156,44383900,242.4252014160156,0.0014836067630177308
AAPL,2024-12-05,243.40284992887905,243.95151419061432,241.54732536132988,242.4551239013672,40033900,242.4551239013672,0.00012342976380685933
AAPL,2024-12-06,242.325438826628,244.0413008508573,241.49743440151173,242.25559997558597,36870600,242.25559997558597,-0.0008229313638361546
AAPL,2024-12-09,241.2480458688008,246.6450305346601,241.1682365595268,246.1562042236328,44649200,246.1562042236328,0.01610119331994775
AAPL,2024-12-10,246.2958646584201,247.612695417372,244.7495916510093,247.1737518310547,36914800,247.1737518310547,0.004133747555261413
AAPL,2024-12-11,247.36328368802745,250.196445491468,245.6673626102133,245.89682006835935,45205800,245.89682006835935,-0.005166130113880896
AAPL,2024-12-12,246.2958641332418,248.1414182384854,245.08876927344312,247.36329650878903,32777500,247.36329650878903,0.005963787738377357
AAPL,2024-12-13,247.223631137632,248.69007959411312,245.647431564018,247.5328826904297,33155300,247.5328826904297,0.0006855753623684624
AAPL,2024-12-16,247.3932192907539,250.7750606707362,247.054025929588,250.4358673095703,51694800,250.4358673095703,0.01172767265337904
AAPL,2024-12-17,249.4781833194368,253.21915892963327,249.1789022262073,252.8699951171875,51356400,252.8699951171875,0.009719565467067426
AAPL,2024-12-18,251.55318925842403,253.66808268004456,247.14382766353577,247.4530792236328,56774100,247.4530792236328,-0.021421742389975296
AAPL,2024-12-19,246.9044059960769,251.3935770141874,246.49538898335237,249.1888885498047,60882300,249.1888885498047,0.007014700854068412
AAPL,2024-12-20,247.4431032675572,254.3863612366688,245.09876750312787,253.87759399414065,147495300,253.87759399414065,0.01881586884400277
AAPL,2024-12-23,254.15691915529425,255.03479114956255,252.8400883307868,254.6557159423828,40858800,254.6557159423828,0.003064949277328255
AAPL,2024-12-24,254.87518901917565,257.58862955018265,254.67565812568796,257.57867431640625,23234700,257.57867431640625,0.011478078798297098
AAPL,2024-12-26,257.56867823862046,259.47408555117545,257.0100282923795,258.39666748046875,27237100,258.39666748046875,0.0031757022052907313
AAPL,2024-12-27,257.2095296020788,258.0774615569102,252.4510193654514,254.9749298095703,42355300,254.9749298095703,-0.013242189631401002
AAPL,2024-12-30,251.62302046123372,252.8899685500744,250.14658624824915,251.5930938720703,35557500,251.5930938720703,-0.013263405700418285
AAPL,2024-12-31,251.8325261089863,252.670501064015,248.82975968702823,249.8173828125,39480700,249.8173828125,-0.007057868847835769
AAPL,2025-01-02,248.3309608077005,248.5005651105234,241.23808511721737,243.26319885253903,55740700,243.26319885253903,-0.02623590034517409
AAPL,2025-01-03,242.7743682861328,243.5923870862029,241.3079045417172,242.7743682861328,40244100,242.7743682861328,-0.0020094719164757135
AAPL,2025-01-06,243.7220736759316,246.73481040856495,242.61474424512696,244.4104156494141,45045600,244.4104156494141,0.006738962497692569
AAPL,2025-01-07,242.3952722906863,244.9590949760797,240.76920518354387,241.62713623046875,40856000,241.62713623046875,-0.011387728348442039
AAPL,2025-01-08,241.33781457710973,243.12351544341067,239.4723196272597,242.11593627929688,37628900,242.11593627929688,0.0020229517944618802
AAPL,2025-01-10,239.4324132245663,239.58206138453852,232.4392881886217,236.280029296875,61710900,236.280029296875,-0.02410377058241131
AAPL,2025-01-13,232.96802072299363,234.10527676213235,229.16719172961072,233.8359222412109,49630700,233.8359222412109,-0.010344111869874495
AAPL,2025-01-14,234.1850763475817,235.55177458449063,231.9105643637605,232.71861267089844,39435300,232.71861267089844,-0.004778177619604196
AAPL,2025-01-15,234.07533889356796,238.38495013235743,233.8658375602648,237.2975616455078,39832000,237.2975616455078,0.01967590353885762
AAPL,2025-01-16,236.7788301031648,237.4372302632713,227.4812511099753,227.710693359375,71759100,227.710693359375,-0.040400197202423715
AAPL,2025-01-17,231.5614090278119,231.73099810398452,227.93016912923343,229.4265594482422,68488300,229.4265594482422,0.007535289904717857
AAPL,2025-01-21,223.4609453061096,223.87993275191027,218.85206818023312,222.10421752929688,98070400,222.10421752929688,-0.03191584242275669
AAPL,2025-01-22,219.2610651192188,223.58064673096771,219.2610651192188,223.29135131835935,64126500,223.29135131835935,0.005344940326970082
AAPL,2025-01-23,224.19918327232872,226.4836658384098,221.7650525382596,223.1217803955078,60234800,223.1217803955078,-0.0007594155431921434
AAPL,2025-01-24,224.2390682481495,225.08702882156652,220.877182986192,222.24388122558597,54697900,222.24388122558597,-0.00393461888106883
AAPL,2025-01-27,223.48089669223063,231.59132137138343,223.44098442848647,229.3068389892578,94863400,229.3068389892578,0.03178021246174456
AAPL,2025-01-28,230.2944737209622,239.61199368769647,230.25456145519,237.68663024902344,75707600,237.68663024902344,0.036544009313905335
AAPL,2025-01-29,233.5566008159093,239.2827933650634,233.4468649147594,238.78399658203125,45486100,238.78399658203125,0.004616861839717767
AAPL,2025-01-30,238.0956370515832,240.21053038482776,236.63915907674937,237.0182342529297,55658300,237.0182342529297,-0.007394810181489464
AAPL,2025-01-31,246.59515764263173,246.59515764263173,232.87824601959832,235.4320831298828,100959800,235.4320831298828,-0.006692105896604739
AAPL,2025-02-03,229.43654993330725,231.27211844312276,225.15686500690927,227.4613037109375,73063300,227.4613037109375,-0.03385596097600685
AAPL,2025-02-04,226.70312948058964,232.5689843025687,226.10456727432145,232.23977661132807,45067300,232.23977661132807,0.021007849785575683
AAPL,2025-02-05,227.9800473088197,232.11008389811693,227.72067847197076,231.9105682373047,39620300,231.9105682373047,-0.0014175365599594647
AAPL,2025-02-06,230.7334042435517,233.23737378273856,229.875473186273,232.6587677001953,29925300,232.6587677001953,0.0032262413419859026
AAPL,2025-02-07,232.04025529180169,233.43688010961284,226.71309440770744,227.08221435546875,39707200,227.08221435546875,-0.023968808052454382
AAPL,2025-02-10,229.26935130196645,230.2880044885276,226.90244480659103,227.3518524169922,33115600,227.3518524169922,0.001187402819233352
AAPL,2025-02-11,227.9011437031964,234.92193591818145,227.83124330015124,232.3153533935547,53718400,232.3153533935547,0.021831803540614203
AAPL,2025-02-12,230.89721134547665,236.64967765066984,230.377888084301,236.55978393554688,45243300,236.55978393554688,0.018270124983095215
AAPL,2025-02-13,236.5997394445533,242.02262084431052,235.2614980047627,241.21368408203125,53614100,241.21368408203125,0.019673251594414687
AAPL,2025-02-14,240.9340443537928,245.22841586050225,240.6743903515472,244.2796630859375,40896200,244.2796630859375,0.012710634620810346
AAPL,2025-02-18,243.83025306858283,244.85890295305825,241.52328070167576,244.14984130859372,48822500,244.14984130859372,-0.0005314473407395104
AAPL,2025-02-19,244.33958470767533,245.6878075369989,242.84154918255663,244.5493011474609,32204200,244.5493011474609,0.0016361257362533799
AAPL,2025-02-20,244.61922281669612,246.4568094488268,243.9700649298591,245.508056640625,32316900,245.508056640625,0.003920499828318658
AAPL,2025-02-21,245.6278941258364,248.364311233094,244.8988544206072,245.2284240722656,53197400,245.2284240722656,-0.001138995486281491
AAPL,2025-02-24,244.609226181644,248.53408727873096,244.09989957647332,246.77639770507807,51326400,246.77639770507807,0.006312374426694856
AAPL,2025-02-25,247.67521063757025,249.67259136851837,244.58926106556868,246.71646118164065,48013300,246.71646118164065,-0.00024287786026055969
AAPL,2025-02-26,244.0100136784052,244.65915630674968,238.8168269352331,240.0452117919922,44433600,240.0452117919922,-0.02704014704854607
AAPL,2025-02-27,239.09646458024957,242.14247324939225,236.749536120712,236.98922729492188,41153600,236.98922729492188,-0.012730870465012423
AAPL,2025-02-28,236.6396744702452,241.77294223985544,229.8985146337964,241.5232696533203,56833400,241.5232696533203,0.019131850042938936
AAPL,2025-03-03,241.47333193183624,243.71040379171197,235.80077808405883,237.71826171875,47184000,237.71826171875,-0.01575420844555464
AAPL,2025-03-04,237.39870037793835,239.75561031847352,234.3726544629493,235.6210174560547,53798100,235.6210174560547,-0.008822394407277834
AAPL,2025-03-05,235.11168617953675,236.2402111793479,228.9297903220316,235.4312744140625,47227600,235.4312744140625,-0.00080528912081268
AAPL,2025-03-06,234.13297099659667,237.54849020730907,232.8546485518437,235.0218048095703,45170400,235.0218048095703,-0.001739231992483825
AAPL,2025-03-07,234.80209169163373,241.05388787370777,234.45254396930395,238.7569122314453,46273600,238.7569122314453,0.015892599518165573
AAPL,2025-03-10,235.23152514577004,235.8507235430885,223.92635798057333,227.1820831298828,72071200,227.1820831298828,-0.048479556019480285
AAPL,2025-03-11,223.51689291637277,225.54423318142804,217.16522145004404,220.55078125,76137400,220.55078125,-0.029189369991345693
AAPL,2025-03-12,219.85169651198805,221.4595886104368,214.6285501658544,216.69583129882807,62547500,216.69583129882807,-0.01747874085652068
AAPL,2025-03-13,215.6671885752157,216.55602242060417,208.1470510912824,209.4053955078125,61368300,209.4053955078125,-0.0336436365541426
AAPL,2025-03-14,210.97334672214788,213.66980775083545,209.30553558500117,213.21041870117188,60107600,213.21041870117188,0.018170607228777946
AAPL,2025-03-17,213.0306430192638,214.9381453068513,209.69502079955336,213.71974182128903,48073400,213.71974182128903,0.0023888284785511527
AAPL,2025-03-18,213.87952928252255,214.8682229774316,211.2130278733229,212.4114532470703,42432400,212.4114532470703,-0.006121514854311894
AAPL,2025-03-19,213.9394462086688,218.47349365471305,213.470060528986,214.95811462402344,54385400,214.95811462402344,0.011989284654961185
AAPL,2025-03-20,213.70975404736052,217.20517028159983,211.94206785632255,213.81961059570312,48862900,213.81961059570312,-0.005296399395350315
AAPL,2025-03-21,211.2829271905112,218.5533916912833,211.0032951126973,217.9841461181641,94127800,217.9841461181641,0.019476864216797285
AAPL,2025-03-24,220.71056863168135,221.1899357355996,218.29373979930332,220.44091796875,44299500,220.44091796875,0.011270415277146562
AAPL,2025-03-25,220.48087718007704,223.8065179397524,219.79177838679217,223.45697021484372,34493600,223.45697021484372,0.013681907487435252
AAPL,2025-03-26,223.21727075576555,224.7253029108424,220.1812588497044,221.2398681640625,34466100,221.2398681640625,-0.009921829910472635
AAPL,2025-03-27,221.1000540446544,224.69534536875565,220.271139232742,223.5568389892578,37094800,223.5568389892578,0.010472664101739193
AAPL,2025-03-28,221.3796909591809,223.51688772665744,217.3949109244516,217.6146240234375,39818600,217.6146240234375,-0.026580331841719373
AAPL,2025-03-31,216.7257910285717,225.324515696878,215.9468137615173,221.83909606933597,65299300,221.83909606933597,0.019412629389482072
AAPL,2025-04-01,219.5221267668628,223.3870536043053,218.61331487709137,222.897705078125,36412700,222.897705078125,0.004771967734930493
AAPL,2025-04-02,221.03016017035927,224.89508702876748,220.73055001137132,223.59678649902344,35905900,223.59678649902344,0.0031363329678670837
AAPL,2025-04-03,205.27081771109025,207.2182761783418,200.9864426085102,202.9239044189453,103419000,202.9239044189453,-0.09245607865732186
AAPL,2025-04-04,193.6360793511012,199.61824028069563,187.09465424061224,188.13330078125,125910900,188.13330078125,-0.07288743866843539
AAPL,2025-04-07,176.967935484531,193.89573468350997,174.39131242893686,181.2223663330078,160466300,181.2223663330078,-0.03673424332398123
AAPL,2025-04-08,186.4554964395268,190.0907289212104,168.9884109270566,172.19419860839844,120859500,172.19419860839844,-0.04981817590892468
AAPL,2025-04-09,171.724804500432,200.3472738997123,171.6648855169899,198.58958435058597,184395900,198.58958435058597,0.15328847287251257
AAPL,2025-04-10,188.82240088513316,194.52491452460524,182.76034285398336,190.17062377929688,121880000,190.17062377929688,-0.04239376701864905
AAPL,2025-04-11,185.856281088865,199.27866665425725,185.81632494094944,197.89048767089844,87435900,197.89048767089844,0.04059440800152636
AAPL,2025-04-14,211.1630921847052,212.6611277249045,200.8965565016436,202.25477600097656,101352900,202.25477600097656,0.022054058188669234
AAPL,2025-04-15,201.59564256833872,203.24347561495443,199.538342804848,201.87527465820312,51343900,201.87527465820312,-0.0018763529360197317
AAPL,2025-04-16,198.1002191117624,200.4371508814261,192.11805840887249,194.0155792236328,59732400,194.0155792236328,-0.038933422866557765
AAPL,2025-04-17,196.9417437466575,198.569613974368,194.1653856549684,196.72203063964844,52164700,196.72203063964844,0.013949660263602004
AAPL,2025-04-21,193.01688474432112,193.54618940120912,189.56140949031536,192.9070281982422,46742500,192.9070281982422,-0.01939285818167713
AAPL,2025-04-22,195.8631544964882,201.32599215129423,195.71335703344477,199.4784240722656,52976400,199.4784240722656,0.03406509309381023
AAPL,2025-04-23,205.7302222309065,207.7276030292648,202.5344160012944,204.33206176757807,52929200,204.33206176757807,0.024331642471539405
AAPL,2025-04-24,204.62166872266096,208.5565112075726,202.6742255544144,208.09710693359372,47311000,208.09710693359372,0.01842611058414456
AAPL,2025-04-25,206.0997277622984,209.47530610539675,205.92995222724628,209.00592041015625,38222300,209.00592041015625,0.0043672566618262465
AAPL,2025-04-28,209.72497582911663,211.2230113707532,207.1883090170199,209.8647918701172,38743100,209.8647918701172,0.004109316416853082
AAPL,2025-04-29,208.41669143858087,211.96204522644123,208.09710321217068,210.9333953857422,36827600,210.9333953857422,0.005091866558952551
AAPL,2025-04-30,209.02590396975117,213.30029766677717,206.399343338795,212.22171020507807,52286500,212.22171020507807,0.006107685399838525
AAPL,2025-05-01,208.80618155790117,214.2790004444518,208.62640936955896,213.04063415527344,57365700,213.04063415527344,0.0038588132637513706
AAPL,2025-05-02,205.82009105417703,206.71892151455648,201.89524528415055,205.08106994628903,101010600,205.08106994628903,-0.03736171853104375
AAPL,2025-05-05,202.8340251243196,203.832715518356,197.9504297070337,198.6295318603516,69018500,198.6295318603516,-0.03145847682395608
AAPL,2025-05-06,197.9504203457911,200.3872119914049,196.7619763948813,198.25001525878903,51216500,198.25001525878903,-0.0019106756080429221
AAPL,2025-05-07,198.90915494694545,199.1788056079939,192.99690991055436,195.99298095703125,68536700,195.99298095703125,-0.01138478753109562
AAPL,2025-05-08,197.46106353953903,199.78801395815432,194.42503624466005,197.2313690185547,50478900,197.2313690185547,0.006318532712122682
AAPL,2025-05-09,198.739389980464,200.2773664943336,197.281295288598,198.2700042724609,36453900,198.2700042724609,0.0052660753665838556
AAPL,2025-05-12,210.97000122070312,211.2700042724609,206.75,210.7899932861328,63775800,210.7899932861328,0.06314615798599088
AAPL,2025-05-13,210.42999267578125,213.3999938964844,209.0,212.92999267578125,51909300,212.92999267578125,0.010152281691776288
AAPL,2025-05-14,212.42999267578125,213.94000244140625,210.5800018310547,212.3300018310547,49325800,212.3300018310547,-0.0028177845553216674
AAPL,2025-05-15,210.9499969482422,212.9600067138672,209.5399932861328,211.4499969482422,45029500,211.4499969482422,-0.004144515024837148
AAPL,2025-05-16,212.3600006103516,212.57000732421875,209.7700042724609,211.25999450683597,54737900,211.25999450683597,-0.0008985691376137694
AAPL,2025-05-19,207.91000366210935,209.47999572753903,204.25999450683597,208.77999877929688,46140500,208.77999877929688,-0.011739069355409137
AAPL,2025-05-20,207.6699981689453,208.47000122070312,205.02999877929688,206.8600006103516,42496600,206.8600006103516,-0.009196274452395903
AAPL,2025-05-21,205.1699981689453,207.0399932861328,200.7100067138672,202.08999633789065,59211800,202.08999633789065,-0.02305909435553888
AAPL,2025-05-22,200.7100067138672,202.75,199.6999969482422,201.3600006103516,46742400,201.3600006103516,-0.003612230891026025
AAPL,2025-05-23,193.6699981689453,197.6999969482422,193.4600067138672,195.2700042724609,78432900,195.2700042724609,-0.03024432021966139
AAPL,2025-05-27,198.3000030517578,200.7400054931641,197.42999267578125,200.2100067138672,56288500,200.2100067138672,0.025298316860348224
AAPL,2025-05-28,200.58999633789065,202.72999572753903,199.8999938964844,200.4199981689453,45339700,200.4199981689453,0.0010488559414427723
AAPL,2025-05-29,203.5800018310547,203.80999755859372,198.50999450683597,199.9499969482422,51396800,199.9499969482422,-0.0023450814539321962
AAPL,2025-05-30,199.3699951171875,201.9600067138672,196.77999877929688,200.8500061035156,70819900,200.8500061035156,0.0045011711378339925
AAPL,2025-06-02,200.27999877929688,202.1300048828125,200.1199951171875,201.6999969482422,35423300,201.6999969482422,0.004231968229508221
AAPL,2025-06-03,201.3500061035156,203.7700042724609,200.9600067138672,203.2700042724609,46381600,203.2700042724609,0.0077838738124602624
AAPL,2025-06-04,202.91000366210935,206.2400054931641,202.1000061035156,202.82000732421875,43604000,202.82000732421875,-0.0022137892398476078
AAPL,2025-06-05,203.5,204.75,200.1499938964844,200.6300048828125,55126100,200.6300048828125,-0.010797763348392997
AAPL,2025-06-06,203.0,205.6999969482422,202.0500030517578,203.9199981689453,46607700,203.9199981689453,0.0163983113495636
AAPL,2025-06-09,204.38999938964844,206.0,200.0200042724609,201.4499969482422,72862600,201.4499969482422,-0.012112599268742419
AAPL,2025-06-10,200.6000061035156,204.3500061035156,200.57000732421875,202.6699981689453,54672600,202.6699981689453,0.0060560994747325125
AAPL,2025-06-11,203.5,204.5,198.41000366210935,198.77999877929688,60989900,198.77999877929688,-0.019193760422328232
AAPL,2025-06-12,199.0800018310547,199.67999267578125,197.3600006103516,199.1999969482422,43904600,199.1999969482422,0.002112879422097258
AAPL,2025-06-13,199.72999572753903,200.3699951171875,195.6999969482422,196.4499969482422,51447300,196.4499969482422,-0.013805221095031128
AAPL,2025-06-16,197.3000030517578,198.69000244140625,196.55999755859372,198.4199981689453,43020700,198.4199981689453,0.010028003315378786
AAPL,2025-06-17,197.1999969482422,198.38999938964844,195.2100067138672,195.63999938964844,38856200,195.63999938964844,-0.014010678383989505
AAPL,2025-06-18,195.94000244140625,197.57000732421875,195.07000732421875,196.5800018310547,45394700,196.5800018310547,0.004804755900321256
AAPL,2025-06-20,198.2400054931641,201.6999969482422,196.8600006103516,201.0,96813500,201.0,0.022484475164182616
AAPL,2025-06-23,201.6300048828125,202.3000030517578,198.9600067138672,201.5,55814300,201.5,0.0024875621890547706
AAPL,2025-06-24,202.58999633789065,203.44000244140625,200.1999969482422,200.3000030517578,54064000,200.3000030517578,-0.005955319842392948
AAPL,2025-06-25,201.4499969482422,203.6699981689453,200.6199951171875,201.55999755859372,39525700,201.55999755859372,0.0062905366332437485
AAPL,2025-06-26,201.42999267578125,202.63999938964844,199.4600067138672,201.0,50799100,201.0,-0.002778316954637483
AAPL,2025-06-27,201.88999938964844,203.22000122070312,200.0,201.0800018310547,73188600,201.0800018310547,0.00039801905997349785
AAPL,2025-06-30,202.00999450683597,207.38999938964844,199.25999450683597,205.1699981689453,91912800,205.1699981689453,0.020340144721736175
AAPL,2025-07-01,206.6699981689453,210.19000244140625,206.13999938964844,207.82000732421875,78788900,207.82000732421875,0.012916163079025322
AAPL,2025-07-02,208.91000366210935,213.33999633789065,208.13999938964844,212.44000244140625,67941800,212.44000244140625,0.022230752354752248
AAPL,2025-07-03,212.1499938964844,214.6499938964844,211.80999755859372,213.5500030517578,34955800,213.5500030517578,0.005225007520218483
AAPL,2025-07-07,212.67999267578125,216.22999572753903,208.8000030517578,209.9499969482422,50229000,209.9499969482422,-0.016857907057220234
AAPL,2025-07-08,210.1000061035156,211.42999267578125,208.4499969482422,210.00999450683597,42848900,210.00999450683597,0.00028577070476720756
AAPL,2025-07-09,209.52999877929688,211.3300018310547,207.22000122070312,211.13999938964844,48749400,211.13999938964844,0.0053807195484483206
AAPL,2025-07-10,210.50999450683597,213.47999572753903,210.02999877929688,212.41000366210935,44443600,212.41000366210935,0.0060149866256140605
AAPL,2025-07-11,210.57000732421875,212.1300048828125,209.8600006103516,211.16000366210935,39765800,211.16000366210935,-0.005884845244805148
AAPL,2025-07-14,209.92999267578125,210.91000366210935,207.5399932861328,208.6199951171875,38840100,208.6199951171875,-0.01202883359003093
AAPL,2025-07-15,209.22000122070312,211.88999938964844,208.9199981689453,209.1100006103516,42296300,209.1100006103516,0.0023487944810316463
AAPL,2025-07-16,210.3000030517578,212.3999938964844,208.63999938964844,210.16000366210935,47490500,210.16000366210935,0.0050212952450527926
AAPL,2025-07-17,210.57000732421875,211.8000030517578,209.58999633789065,210.0200042724609,48068100,210.0200042724609,-0.0006661562010320532
AAPL,2025-07-18,210.8699951171875,211.7899932861328,209.6999969482422,211.17999267578125,48974600,211.17999267578125,0.005523228167424898
AAPL,2025-07-21,212.1000061035156,215.77999877929688,211.6300048828125,212.47999572753903,51377400,212.47999572753903,0.006155900638530776
AAPL,2025-07-22,213.13999938964844,214.9499969482422,212.22999572753903,214.3999938964844,46404100,214.3999938964844,0.009036136142469342
AAPL,2025-07-23,215.0,215.1499938964844,212.41000366210935,214.1499938964844,46989300,214.1499938964844,-0.0011660448093142595
AAPL,2025-07-24,213.8999938964844,215.69000244140625,213.52999877929688,213.75999450683597,46022600,213.75999450683597,-0.0018211505989440546
AAPL,2025-07-25,214.6999969482422,215.2400054931641,213.3999938964844,213.8800048828125,40268800,213.8800048828125,0.0005614258002457628
AAPL,2025-07-28,214.02999877929688,214.8500061035156,213.05999755859372,214.0500030517578,37858000,214.0500030517578,0.0007948296477664485
AAPL,2025-07-29,214.17999267578125,214.80999755859372,210.82000732421875,211.2700042724609,51411700,211.2700042724609,-0.012987613826965005
AAPL,2025-07-30,211.8999938964844,212.38999938964844,207.72000122070312,209.0500030517578,45512500,209.0500030517578,-0.010507886476113781
AAPL,2025-07-31,208.4900054931641,209.83999633789065,207.16000366210935,207.57000732421875,80698400,207.57000732421875,-0.007079625476841711
AAPL,2025-08-01,210.8699951171875,213.5800018310547,201.5,202.3800048828125,104301700,202.3800048828125,-0.025003624118486445
AMZN,2023-08-03,127.4800033569336,129.83999633789062,126.41000366210938,128.91000366210938,88585200,128.91000366210938,
AMZN,2023-08-04,141.05999755859375,143.6300048828125,139.32000732421875,139.57000732421875,153128500,139.57000732421875,0.08269337801006271
AMZN,2023-08-07,140.99000549316406,142.5399932861328,138.9499969482422,142.22000122070312,71213100,142.22000122070312,0.01898684357254843
AMZN,2023-08-08,140.6199951171875,140.83999633789062,138.4199981689453,139.94000244140625,51710500,139.94000244140625,-0.016031491771390738
AMZN,2023-08-09,139.97000122070312,140.32000732421875,137.10000610351562,137.85000610351562,50017300,137.85000610351562,-0.01493494570121734
AMZN,2023-08-10,139.07000732421875,140.41000366210938,137.49000549316406,138.55999755859375,58928400,138.55999755859375,0.005150463718840648
AMZN,2023-08-11,137.39999389648438,139.3300018310547,137.0,138.41000366210938,42905800,138.41000366210938,-0.0010825194798443905
AMZN,2023-08-14,138.3000030517578,140.58999633789062,137.75,140.57000732421875,47148700,140.57000732421875,0.015605834874352187
AMZN,2023-08-15,140.0500030517578,141.27999877929688,137.22999572753906,137.6699981689453,42781500,137.6699981689453,-0.020630355012962953
AMZN,2023-08-16,137.19000244140625,137.27000427246094,135.00999450683594,135.07000732421875,41675900,135.07000732421875,-0.018885675014943426
AMZN,2023-08-17,135.4600067138672,136.08999633789062,133.52999877929688,133.97999572753906,48354100,133.97999572753906,-0.008069975106044458
AMZN,2023-08-18,131.6199951171875,134.07000732421875,131.14999389648438,133.22000122070312,48497700,133.22000122070312,-0.005672447612115605
AMZN,2023-08-21,133.74000549316406,135.19000244140625,132.7100067138672,134.67999267578125,41442500,134.67999267578125,0.01095925117625085
AMZN,2023-08-22,135.0800018310547,135.64999389648438,133.72999572753906,134.25,32905400,134.25,-0.0031926989840012077
AMZN,2023-08-23,134.5,135.9499969482422,133.22000122070312,135.52000427246094,42801000,135.52000427246094,0.009459994580714559
AMZN,2023-08-24,136.39999389648438,136.77999877929688,131.8300018310547,131.83999633789062,43646300,131.83999633789062,-0.027154721211281152
AMZN,2023-08-25,132.47000122070312,133.8699951171875,130.5800018310547,133.25999450683594,44147500,133.25999450683594,0.010770617478674804
AMZN,2023-08-28,133.77999877929688,133.9499969482422,131.85000610351562,133.13999938964844,34108400,133.13999938964844,-0.0009004586682715976
AMZN,2023-08-29,133.3800048828125,135.13999938964844,133.25,134.91000366210938,38646100,134.91000366210938,0.013294308852149106
AMZN,2023-08-30,134.92999267578125,135.67999267578125,133.9199981689453,135.07000732421875,36137000,135.07000732421875,0.0011860029483812262
AMZN,2023-08-31,135.05999755859375,138.7899932861328,135.0,138.00999450683594,58781300,138.00999450683594,0.021766395374215985
AMZN,2023-09-01,139.4600067138672,139.9600067138672,136.8800048828125,138.1199951171875,40991500,138.1199951171875,0.0007970481467276525
AMZN,2023-09-05,137.72999572753906,137.8000030517578,135.82000732421875,137.27000427246094,40636700,137.27000427246094,-0.006154002858205887
AMZN,2023-09-06,136.32000732421875,137.4499969482422,134.61000061035156,135.36000061035156,41785500,135.36000061035156,-0.013914209970579572
AMZN,2023-09-07,133.89999389648438,138.02999877929688,133.16000366210938,137.85000610351562,48498900,137.85000610351562,0.018395430569861038
AMZN,2023-09-08,136.86000061035156,138.85000610351562,136.75,138.22999572753906,38348200,138.22999572753906,0.0027565441218631026
AMZN,2023-09-11,138.75,143.6199951171875,138.63999938964844,143.10000610351562,56764500,143.10000610351562,0.035231212663680456
AMZN,2023-09-12,142.32000732421875,143.0,140.61000061035156,141.22999572753906,42668500,141.22999572753906,-0.013067856717097759
AMZN,2023-09-13,140.9499969482422,144.97999572753906,140.8699951171875,144.85000610351562,60465200,144.85000610351562,0.025632022130484877
AMZN,2023-09-14,145.0800018310547,145.86000061035156,142.9499969482422,144.72000122070312,64033600,144.72000122070312,-0.0008975138235036706
AMZN,2023-09-15,142.69000244140625,143.57000732421875,140.08999633789062,140.38999938964844,102909300,140.38999938964844,-0.029919857618376344
AMZN,2023-09-18,140.47999572753906,141.75,139.22000122070312,139.97999572753906,42823500,139.97999572753906,-0.0029204620264398073
AMZN,2023-09-19,138.6999969482422,138.83999633789062,135.55999755859375,137.6300048828125,61482500,137.6300048828125,-0.016788047695762587
AMZN,2023-09-20,138.5500030517578,139.3699951171875,135.1999969482422,135.2899932861328,46263700,135.2899932861328,-0.01700219075536713
AMZN,2023-09-21,131.94000244140625,132.24000549316406,129.30999755859375,129.3300018310547,70343300,129.3300018310547,-0.04405345369833069
AMZN,2023-09-22,131.11000061035156,132.02999877929688,128.52000427246094,129.1199951171875,59904300,129.1199951171875,-0.0016238050792075631
AMZN,2023-09-25,129.36000061035156,131.77999877929688,128.77000427246094,131.27000427246094,46017800,131.27000427246094,0.01665124873434287
AMZN,2023-09-26,130.1199951171875,130.38999938964844,125.27999877929688,125.9800033569336,73048200,125.9800033569336,-0.040298626825268746
AMZN,2023-09-27,125.76000213623048,127.4800033569336,124.12999725341795,125.9800033569336,66553400,125.9800033569336,0.0
AMZN,2023-09-28,124.04000091552734,126.58000183105467,123.04000091552734,125.9800033569336,54555000,125.9800033569336,0.0
AMZN,2023-09-29,128.1999969482422,129.14999389648438,126.31999969482422,127.12000274658205,62411700,127.12000274658205,0.009049050319664964
AMZN,2023-10-02,127.27999877929688,130.47000122070312,126.54000091552734,129.4600067138672,48029700,129.4600067138672,0.01840783446134764
AMZN,2023-10-03,128.05999755859375,128.52000427246094,124.25,124.72000122070312,51565000,124.72000122070312,-0.03661366636292884
AMZN,2023-10-04,126.05999755859376,127.36000061035156,125.68000030517578,127.0,44203900,127.0,0.018280939360016735
AMZN,2023-10-05,126.70999908447266,126.7300033569336,124.33000183105467,125.95999908447266,39660600,125.95999908447266,-0.008188983586829512
AMZN,2023-10-06,124.16000366210938,128.4499969482422,124.12999725341795,127.95999908447266,46836700,127.95999908447266,0.015878056641289273
AMZN,2023-10-09,126.22000122070312,128.7899932861328,124.76000213623048,128.25999450683594,38773700,128.25999450683594,0.0023444468936362206
AMZN,2023-10-10,128.82000732421875,130.74000549316406,128.0500030517578,129.47999572753906,42178600,129.47999572753906,0.009511938819224852
AMZN,2023-10-11,129.74000549316406,132.0500030517578,129.61000061035156,131.8300018310547,40741800,131.8300018310547,0.01814956889912689
AMZN,2023-10-12,132.1699981689453,134.47999572753906,131.22999572753906,132.3300018310547,55528600,132.3300018310547,0.0037927633547389927
AMZN,2023-10-13,132.97999572753906,133.30999755859375,128.9499969482422,129.7899932861328,45786600,129.7899932861328,-0.019194502454286222
AMZN,2023-10-16,130.69000244140625,133.07000732421875,130.42999267578125,132.5500030517578,42832900,132.5500030517578,0.021265196921155027
AMZN,2023-10-17,130.38999938964844,132.5800018310547,128.7100067138672,131.47000122070312,49344600,131.47000122070312,-0.008147882355257097
AMZN,2023-10-18,129.89999389648438,130.6699981689453,127.51000213623048,128.1300048828125,42699500,128.1300048828125,-0.025405007278304192
AMZN,2023-10-19,130.57000732421875,132.24000549316406,127.47000122070312,128.39999389648438,60961400,128.39999389648438,0.002107149015711185
AMZN,2023-10-20,128.0500030517578,128.1699981689453,124.97000122070312,125.16999816894533,56406400,125.16999816894533,-0.025155731161039308
AMZN,2023-10-23,124.62999725341795,127.87999725341795,123.9800033569336,126.55999755859376,48260000,126.55999755859376,0.011104892625885654
AMZN,2023-10-24,127.73999786376952,128.8000030517578,126.33999633789062,128.55999755859375,46477400,128.55999755859375,0.015802781594350446
AMZN,2023-10-25,126.04000091552734,126.33999633789062,120.79000091552734,121.38999938964844,74577500,121.38999938964844,-0.055771610960691276
AMZN,2023-10-26,120.62999725341795,121.63999938964844,118.3499984741211,119.56999969482422,100419500,119.56999969482422,-0.01499299533713827
AMZN,2023-10-27,126.1999969482422,130.02000427246094,125.5199966430664,127.73999786376952,125309300,127.73999786376952,0.0683281608245998
AMZN,2023-10-30,129.72000122070312,133.0,128.55999755859375,132.7100067138672,72485500,132.7100067138672,0.03890722509168998
AMZN,2023-10-31,132.75,133.57000732421875,131.7100067138672,133.08999633789062,51589400,133.08999633789062,0.002863308000901066
AMZN,2023-11-01,133.9600067138672,137.35000610351562,133.7100067138672,137.0,61529400,137.0,0.02937864429857373
AMZN,2023-11-02,138.72999572753906,138.80999755859375,136.47000122070312,138.07000732421875,52236700,138.07000732421875,0.007810272439553012
AMZN,2023-11-03,138.99000549316406,139.49000549316406,137.4499969482422,138.60000610351562,44059800,138.60000610351562,0.0038386235328597973
AMZN,2023-11-06,138.75999450683594,140.72999572753906,138.36000061035156,139.74000549316406,44970400,139.74000549316406,0.008225103459209127
AMZN,2023-11-07,140.5500030517578,143.3699951171875,140.5,142.7100067138672,53553500,142.7100067138672,0.02125376487729147
AMZN,2023-11-08,142.97000122070312,143.1199951171875,141.22000122070312,142.0800018310547,44521700,142.0800018310547,-0.004414580990635519
AMZN,2023-11-09,142.02000427246094,142.64999389648438,139.83999633789062,140.60000610351562,36235400,140.60000610351562,-0.010416636461610618
AMZN,2023-11-10,140.4600067138672,143.64999389648438,139.91000366210938,143.55999755859375,49287800,143.55999755859375,0.021052569890351647
AMZN,2023-11-13,142.0800018310547,143.22999572753906,140.6699981689453,142.58999633789062,35680600,142.58999633789062,-0.006756765374750118
AMZN,2023-11-14,145.0,147.25999450683594,144.67999267578125,145.8000030517578,56674600,145.8000030517578,0.02251214528584833
AMZN,2023-11-15,147.05999755859375,147.2899932861328,142.58999633789062,143.1999969482422,63875700,143.1999969482422,-0.017832688951265996
AMZN,2023-11-16,140.91000366210938,143.32000732421875,139.52000427246094,142.8300018310547,49653500,142.8300018310547,-0.0025837648398919777
AMZN,2023-11-17,142.66000366210938,145.22999572753906,142.5399932861328,145.17999267578125,49636700,145.17999267578125,0.016453061783939793
AMZN,2023-11-20,145.1300048828125,146.6300048828125,144.72999572753906,146.1300048828125,41951200,146.1300048828125,0.0065436854591447435
AMZN,2023-11-21,143.91000366210938,144.0500030517578,141.5,143.89999389648438,71226000,143.89999389648438,-0.015260459261028925
AMZN,2023-11-22,144.57000732421875,147.74000549316406,144.57000732421875,146.7100067138672,45669100,146.7100067138672,0.019527539517508297
AMZN,2023-11-24,146.6999969482422,147.1999969482422,145.32000732421875,146.74000549316406,22378400,146.74000549316406,0.0002044767086364363
AMZN,2023-11-27,147.52999877929688,149.25999450683594,146.8800048828125,147.72999572753906,53762400,147.72999572753906,0.006746559883569869
AMZN,2023-11-28,146.97999572753906,147.60000610351562,145.52999877929688,147.02999877929688,42711700,147.02999877929688,-0.00473835354015173
AMZN,2023-11-29,147.85000610351562,148.5399932861328,145.97000122070312,146.32000732421875,40610900,146.32000732421875,-0.0048288883967405605
AMZN,2023-11-30,144.75999450683594,146.92999267578125,144.3300018310547,146.08999633789062,65814000,146.08999633789062,-0.001571972217158657
AMZN,2023-12-01,146.0,147.25,145.5500030517578,147.02999877929688,39951800,147.02999877929688,0.006434406632690459
AMZN,2023-12-04,145.25,145.35000610351562,142.80999755859375,144.83999633789062,48294200,144.83999633789062,-0.014894936132684111
AMZN,2023-12-05,143.5500030517578,148.57000732421875,143.1300048828125,146.8800048828125,46822400,146.8800048828125,0.014084566393959497
AMZN,2023-12-06,147.5800018310547,147.85000610351562,144.27999877929688,144.52000427246094,39679000,144.52000427246094,-0.016067541747663228
AMZN,2023-12-07,146.14999389648438,147.9199981689453,145.33999633789062,146.8800048828125,52352800,146.8800048828125,0.016329923474831087
AMZN,2023-12-08,145.47999572753906,147.83999633789062,145.39999389648438,147.4199981689453,41906000,147.4199981689453,0.0036764247561378305
AMZN,2023-12-11,145.66000366210938,146.19000244140625,143.63999938964844,145.88999938964844,50907300,145.88999938964844,-0.010378502226973785
AMZN,2023-12-12,145.52000427246094,147.5,145.3000030517578,147.47999572753906,44944300,147.47999572753906,0.010898597193382598
AMZN,2023-12-13,148.1199951171875,149.4600067138672,146.82000732421875,148.83999633789062,52766200,148.83999633789062,0.009221593773735215
AMZN,2023-12-14,149.92999267578125,150.5399932861328,145.52000427246094,147.4199981689453,58400800,147.4199981689453,-0.00954043404920335
AMZN,2023-12-15,148.3800048828125,150.57000732421875,147.8800048828125,149.97000122070312,110089300,149.97000122070312,0.01729753821347546
AMZN,2023-12-18,150.55999755859375,154.85000610351562,150.0500030517578,154.07000732421875,62512800,154.07000732421875,0.027338841569267247
AMZN,2023-12-19,154.39999389648438,155.1199951171875,152.69000244140625,153.7899932861328,43171300,153.7899932861328,-0.0018174467759756174
AMZN,2023-12-20,152.89999389648438,155.6300048828125,151.55999755859375,152.1199951171875,50322100,152.1199951171875,-0.01085895208954335
AMZN,2023-12-21,153.3000030517578,153.97000122070312,152.10000610351562,153.83999633789062,36305700,153.83999633789062,0.011306871390431628
AMZN,2023-12-22,153.77000427246094,154.35000610351562,152.7100067138672,153.4199981689453,29514100,153.4199981689453,-0.0027300973670256745
AMZN,2023-12-26,153.55999755859375,153.97999572753906,153.02999877929688,153.41000366210938,25067200,153.41000366210938,-6.514474615582078e-05
AMZN,2023-12-27,153.55999755859375,154.77999877929688,153.1199951171875,153.33999633789062,31434700,153.33999633789062,-0.0004563413242133496
AMZN,2023-12-28,153.72000122070312,154.0800018310547,152.9499969482422,153.3800048828125,27057000,153.3800048828125,0.0002609139551152939
AMZN,2023-12-29,153.10000610351562,153.88999938964844,151.02999877929688,151.94000244140625,39823200,151.94000244140625,-0.009388462612883952
AMZN,2024-01-02,151.5399932861328,152.3800048828125,148.38999938964844,149.92999267578125,47339400,149.92999267578125,-0.013228970207501023
AMZN,2024-01-03,149.1999969482422,151.0500030517578,148.3300018310547,148.47000122070312,49425500,148.47000122070312,-0.00973782115920796
AMZN,2024-01-04,145.58999633789062,147.3800048828125,144.0500030517578,144.57000732421875,56039800,144.57000732421875,-0.026267891590348702
AMZN,2024-01-05,144.69000244140625,146.58999633789062,144.52999877929688,145.24000549316406,45153100,145.24000549316406,0.00463442024626004
AMZN,2024-01-08,146.74000549316406,149.39999389648438,146.14999389648438,149.10000610351562,46757100,149.10000610351562,0.026576703830634596
AMZN,2024-01-09,148.3300018310547,151.7100067138672,148.2100067138672,151.3699951171875,43812600,151.3699951171875,0.015224607114340927
AMZN,2024-01-10,152.05999755859375,154.4199981689453,151.8800048828125,153.72999572753906,44421800,153.72999572753906,0.015590940651907248
AMZN,2024-01-11,155.0399932861328,157.1699981689453,153.1199951171875,155.17999267578125,49072700,155.17999267578125,0.009432101662268044
AMZN,2024-01-12,155.38999938964844,156.1999969482422,154.00999450683594,154.6199951171875,40484200,154.6199951171875,-0.0036086969005325598
AMZN,2024-01-16,153.52999877929688,154.99000549316406,152.14999389648438,153.16000366210938,41384600,153.16000366210938,-0.009442449238027617
AMZN,2024-01-17,151.49000549316406,152.14999389648438,149.91000366210938,151.7100067138672,34953400,151.7100067138672,-0.009467203666572499
AMZN,2024-01-18,152.77000427246094,153.77999877929688,151.82000732421875,153.5,37850200,153.5,0.011798781932089941
AMZN,2024-01-19,153.8300018310547,155.75999450683594,152.74000549316406,155.33999633789062,51651600,155.33999633789062,0.011986946826648914
AMZN,2024-01-22,156.88999938964844,157.0500030517578,153.89999389648438,154.77999877929688,43687500,154.77999877929688,-0.003604979862209201
AMZN,2024-01-23,154.85000610351562,156.2100067138672,153.92999267578125,156.02000427246094,37986000,156.02000427246094,0.008011406531487353
AMZN,2024-01-24,157.8000030517578,158.50999450683594,156.47999572753906,156.8699951171875,48547300,156.8699951171875,0.005447960655367012
AMZN,2024-01-25,156.9499969482422,158.50999450683594,154.5500030517578,157.75,43638600,157.75,0.005609771850602074
AMZN,2024-01-26,158.4199981689453,160.72000122070312,157.91000366210938,159.1199951171875,51047400,159.1199951171875,0.008684596622424712
AMZN,2024-01-29,159.33999633789062,161.2899932861328,158.89999389648438,161.25999450683594,45270400,161.25999450683594,0.01344896590822775
AMZN,2024-01-30,160.6999969482422,161.72999572753906,158.49000549316406,159.0,45207400,159.0,-0.014014601164705653
AMZN,2024-01-31,157.0,159.00999450683594,154.80999755859375,155.1999969482422,50284400,155.1999969482422,-0.023899390262627773
AMZN,2024-02-01,155.8699951171875,159.75999450683594,155.6199951171875,159.27999877929688,76542400,159.27999877929688,0.026288672108771616
AMZN,2024-02-02,169.19000244140625,172.5,167.3300018310547,171.80999755859375,117218300,171.80999755859375,0.07866649218561839
AMZN,2024-02-05,170.1999969482422,170.5500030517578,167.6999969482422,170.30999755859375,55081300,170.30999755859375,-0.008730574595861018
AMZN,2024-02-06,169.38999938964844,170.7100067138672,167.64999389648438,169.14999389648438,42505500,169.14999389648438,-0.00681113075414308
AMZN,2024-02-07,169.47999572753906,170.8800048828125,168.94000244140625,170.52999877929688,47174100,170.52999877929688,0.008158468416245013
AMZN,2024-02-08,169.64999389648438,171.42999267578125,168.8800048828125,169.83999633789062,42316500,169.83999633789062,-0.004046223223746481
AMZN,2024-02-09,170.89999389648438,175.0,170.5800018310547,174.4499969482422,56986000,174.4499969482422,0.02714319777292107
AMZN,2024-02-12,174.8000030517578,175.38999938964844,171.5399932861328,172.33999633789062,51050400,172.33999633789062,-0.012095159915523457
AMZN,2024-02-13,167.72999572753906,170.9499969482422,165.75,168.63999938964844,56345100,168.63999938964844,-0.021469171561243172
AMZN,2024-02-14,169.2100067138672,171.2100067138672,168.27999877929688,170.97999572753906,42815500,170.97999572753906,0.013875689909627953
AMZN,2024-02-15,170.5800018310547,171.1699981689453,167.58999633789062,169.8000030517578,49855200,169.8000030517578,-0.006901349311422389
AMZN,2024-02-16,168.74000549316406,170.4199981689453,167.1699981689453,169.50999450683594,48107700,169.50999450683594,-0.0017079419299743659
AMZN,2024-02-20,167.8300018310547,168.7100067138672,165.74000549316406,167.0800018310547,41980300,167.0800018310547,-0.01433539469369316
AMZN,2024-02-21,168.94000244140625,170.22999572753906,167.13999938964844,168.58999633789062,44420100,168.58999633789062,0.00903755380828164
AMZN,2024-02-22,173.10000610351562,174.8000030517578,171.77000427246094,174.5800018310547,55392400,174.5800018310547,0.035530017339574504
AMZN,2024-02-23,174.27999877929688,175.75,173.6999969482422,174.99000549316406,59715200,174.99000549316406,0.0023485144793740087
AMZN,2024-02-26,175.6999969482422,176.3699951171875,174.25999450683594,174.72999572753906,44368600,174.72999572753906,-0.0014858549486425066
AMZN,2024-02-27,174.0800018310547,174.6199951171875,172.86000061035156,173.5399932861328,31141700,173.5399932861328,-0.006810521779339163
AMZN,2024-02-28,172.44000244140625,174.0500030517578,172.27000427246094,173.16000366210938,28180500,173.16000366210938,-0.0021896371944472026
AMZN,2024-02-29,173.00999450683594,177.22000122070312,172.85000610351562,176.75999450683594,53805400,176.75999450683594,0.02078996747858297
AMZN,2024-03-01,176.75,178.72999572753906,176.07000732421875,178.22000122070312,31981200,178.22000122070312,0.00825982552183624
AMZN,2024-03-04,177.52999877929688,180.13999938964844,177.49000549316406,177.5800018310547,37381500,177.5800018310547,-0.003591063770984282
AMZN,2024-03-05,176.92999267578125,176.92999267578125,173.3000030517578,174.1199951171875,37228300,174.1199951171875,-0.01948421375262155
AMZN,2024-03-06,175.5399932861328,176.4600067138672,173.25999450683594,173.50999450683594,32090900,173.50999450683594,-0.0035033346396604603
AMZN,2024-03-07,174.8300018310547,177.99000549316406,173.72000122070312,176.82000732421875,34063300,176.82000732421875,0.019076784751165476
AMZN,2024-03-08,176.44000244140625,178.7899932861328,174.3300018310547,175.35000610351562,37893200,175.35000610351562,-0.008313545751684748
AMZN,2024-03-11,174.30999755859375,174.47000122070312,171.47000122070312,171.9600067138672,28484800,171.9600067138672,-0.019332758891648982
AMZN,2024-03-12,173.5,176.75999450683594,171.97999572753906,175.38999938964844,36610600,175.38999938964844,0.019946455814511488
AMZN,2024-03-13,175.89999389648438,177.6199951171875,175.5500030517578,176.55999755859375,30772600,176.55999755859375,0.0066708374081581034
AMZN,2024-03-14,177.69000244140625,179.52999877929688,176.47000122070312,178.75,43705800,178.75,0.012403729449981915
AMZN,2024-03-15,176.63999938964844,177.92999267578125,173.89999389648438,174.4199981689453,72147400,174.4199981689453,-0.024223786467438835
AMZN,2024-03-18,175.8000030517578,176.69000244140625,174.27999877929688,174.47999572753906,31250700,174.47999572753906,0.00034398325434925603
AMZN,2024-03-19,174.22000122070312,176.08999633789062,173.52000427246094,175.89999389648438,26880900,175.89999389648438,0.00813845829732096
AMZN,2024-03-20,176.13999938964844,178.52999877929688,174.63999938964844,178.14999389648438,29947200,178.14999389648438,0.012791359170393646
AMZN,2024-03-21,179.99000549316406,181.4199981689453,178.14999389648438,178.14999389648438,32824300,178.14999389648438,0.0
AMZN,2024-03-22,177.75,179.25999450683594,176.75,178.8699951171875,27995400,178.8699951171875,0.0040415450203241665
AMZN,2024-03-25,178.00999450683594,180.9900054931641,177.24000549316406,179.7100067138672,29815500,179.7100067138672,0.004696213001679439
AMZN,2024-03-26,180.1499938964844,180.4499969482422,177.9499969482422,178.3000030517578,29659000,178.3000030517578,-0.007845994154095037
AMZN,2024-03-27,179.8800048828125,180.0,177.30999755859375,179.8300018310547,33272600,179.8300018310547,0.008581036192426339
AMZN,2024-03-28,180.1699981689453,181.6999969482422,179.25999450683594,180.3800048828125,38051600,180.3800048828125,0.0030584610251771505
AMZN,2024-04-01,180.7899932861328,183.0,179.9499969482422,180.97000122070312,29174500,180.97000122070312,0.003270852211551434
AMZN,2024-04-02,179.07000732421875,180.7899932861328,178.3800048828125,180.69000244140625,32611500,180.69000244140625,-0.0015472110151306673
AMZN,2024-04-03,179.89999389648438,182.8699951171875,179.8000030517578,182.41000366210935,31046600,182.41000366210935,0.009519072430478559
AMZN,2024-04-04,184.0,185.1000061035156,180.0,180.0,41624300,180.0,-0.013212014767422287
AMZN,2024-04-05,182.3800048828125,186.2700042724609,181.97000122070312,185.07000732421875,42374000,185.07000732421875,0.028166707356770848
AMZN,2024-04-08,186.8999938964844,187.2899932861328,184.80999755859372,185.19000244140625,39221300,185.19000244140625,0.0006483768975988902
AMZN,2024-04-09,187.2400054931641,187.33999633789065,184.1999969482422,185.6699981689453,36520100,185.6699981689453,0.002591909504893186
AMZN,2024-04-10,182.7700042724609,186.2700042724609,182.6699981689453,185.9499969482422,35879200,185.9499969482422,0.0015080453603608657
AMZN,2024-04-11,186.7400054931641,189.7700042724609,185.50999450683597,189.0500030517578,40020700,189.0500030517578,0.016671181255133227
AMZN,2024-04-12,187.72000122070312,188.3800048828125,185.0800018310547,186.1300048828125,38608800,186.1300048828125,-0.015445639364236818
AMZN,2024-04-15,187.42999267578125,188.69000244140625,183.0,183.6199951171875,48052400,183.6199951171875,-0.013485250630092094
AMZN,2024-04-16,183.2700042724609,184.8300018310547,182.25999450683597,183.32000732421875,32891300,183.32000732421875,-0.001633742516860992
AMZN,2024-04-17,184.30999755859372,184.57000732421875,179.82000732421875,181.27999877929688,31359700,181.27999877929688,-0.011128128209780819
AMZN,2024-04-18,181.47000122070312,182.38999938964844,178.64999389648438,179.22000122070312,30723800,179.22000122070312,-0.011363622972558218
AMZN,2024-04-19,178.74000549316406,179.0,173.44000244140625,174.6300048828125,56000700,174.6300048828125,-0.02561096030926935
AMZN,2024-04-22,176.94000244140625,178.8699951171875,174.55999755859375,177.22999572753906,37924900,177.22999572753906,0.014888568814227066
AMZN,2024-04-23,178.0800018310547,179.92999267578125,175.97999572753906,179.5399932861328,37046500,179.5399932861328,0.01303389727631088
AMZN,2024-04-24,179.94000244140625,180.32000732421875,176.17999267578125,176.58999633789062,34185100,176.58999633789062,-0.016430862529557833
AMZN,2024-04-25,169.67999267578125,173.9199981689453,166.32000732421875,173.6699981689453,49249400,173.6699981689453,-0.016535467634067658
AMZN,2024-04-26,177.8000030517578,180.82000732421875,176.1300048828125,179.6199951171875,43919800,179.6199951171875,0.034260361668536854
AMZN,2024-04-29,182.75,183.52999877929688,179.38999938964844,180.9600067138672,54063900,180.9600067138672,0.007460258507441919
AMZN,2024-04-30,181.08999633789065,182.9900054931641,174.8000030517578,175.0,94639800,175.0,-0.03293549122868411
AMZN,2024-05-01,181.63999938964844,185.1499938964844,176.55999755859375,179.0,94645100,179.0,0.02285714285714291
AMZN,2024-05-02,180.8500061035156,185.1000061035156,179.91000366210938,184.72000122070312,54303500,184.72000122070312,0.031955314082140474
AMZN,2024-05-03,186.9900054931641,187.8699951171875,185.4199981689453,186.2100067138672,39172000,186.2100067138672,0.008066292135759712
AMZN,2024-05-06,186.27999877929688,188.75,184.8000030517578,188.6999969482422,34725300,188.6999969482422,0.013371946429286963
AMZN,2024-05-07,188.9199981689453,189.94000244140625,187.30999755859372,188.75999450683597,34048900,188.75999450683597,0.00031795209095974997
AMZN,2024-05-08,187.44000244140625,188.42999267578125,186.38999938964844,188.0,26136400,188.0,-0.004026247769404523
AMZN,2024-05-09,188.8800048828125,191.6999969482422,187.44000244140625,189.5,43368400,189.5,0.007978723404255428
AMZN,2024-05-10,189.16000366210935,189.88999938964844,186.92999267578125,187.47999572753903,34141800,187.47999572753903,-0.010659653152828352
AMZN,2024-05-13,188.0,188.30999755859372,185.3600006103516,186.57000732421875,24898600,186.57000732421875,-0.004853789332504355
AMZN,2024-05-14,183.82000732421875,187.72000122070312,183.4499969482422,187.07000732421875,38698200,187.07000732421875,0.002679959159411549
AMZN,2024-05-15,185.97000122070312,186.72000122070312,182.72999572753903,185.9900054931641,75459900,185.9900054931641,-0.005773249525686142
AMZN,2024-05-16,185.6000061035156,187.30999755859372,183.4600067138672,183.6300048828125,38834500,183.6300048828125,-0.01268885714634993
AMZN,2024-05-17,183.75999450683597,185.3000030517578,183.3500061035156,184.6999969482422,33175700,184.6999969482422,0.005826891232250109
AMZN,2024-05-20,184.33999633789065,186.6699981689453,183.27999877929688,183.5399932861328,30511800,183.5399932861328,-0.006280474722663021
AMZN,2024-05-21,182.3000030517578,183.25999450683597,180.75,183.1499938964844,50839100,183.1499938964844,-0.0021248741632043933
AMZN,2024-05-22,183.8800048828125,185.22000122070312,181.97000122070312,183.1300048828125,28148800,183.1300048828125,-0.0001091401274257997
AMZN,2024-05-23,183.66000366210935,184.75999450683597,180.0800018310547,181.0500030517578,33670200,181.0500030517578,-0.011358061353112014
AMZN,2024-05-24,181.6499938964844,182.44000244140625,180.3000030517578,180.75,27471600,180.75,-0.0016570176564539851
AMZN,2024-05-28,179.92999267578125,182.2400054931641,179.49000549316406,182.1499938964844,29927000,182.1499938964844,0.007745471073219434
AMZN,2024-05-29,181.6999969482422,184.0800018310547,181.5500030517578,182.0200042724609,32009300,182.0200042724609,-0.000713640562059914
AMZN,2024-05-30,181.30999755859372,181.33999633789065,178.36000061035156,179.32000732421875,29184700,179.32000732421875,-0.0148335176621609
AMZN,2024-05-31,178.3000030517578,179.2100067138672,173.8699951171875,176.44000244140625,58903900,176.44000244140625,-0.016060700229647673
AMZN,2024-06-03,177.6999969482422,178.6999969482422,175.9199981689453,178.33999633789062,30786600,178.33999633789062,0.01076849847083472
AMZN,2024-06-04,177.63999938964844,179.82000732421875,176.44000244140625,179.33999633789062,27198400,179.33999633789062,0.00560726713319748
AMZN,2024-06-05,180.10000610351562,181.5,178.75,181.27999877929688,32116400,181.27999877929688,0.010817455564965828
AMZN,2024-06-06,181.75,185.0,181.4900054931641,185.0,31371200,185.0,0.020520748266509736
AMZN,2024-06-07,184.8999938964844,186.2899932861328,183.3600006103516,184.3000030517578,28021500,184.3000030517578,-0.003783767287795614
AMZN,2024-06-10,184.07000732421875,187.22999572753903,183.7899932861328,187.05999755859372,34445600,187.05999755859372,0.014975553234585659
AMZN,2024-06-11,187.05999755859372,187.7700042724609,184.5399932861328,187.22999572753903,27265100,187.22999572753903,0.0009087895389929823
AMZN,2024-06-12,188.0200042724609,188.3500061035156,185.42999267578125,186.88999938964844,33984200,186.88999938964844,-0.0018159287809063063
AMZN,2024-06-13,186.08999633789065,187.6699981689453,182.6699981689453,183.8300018310547,39721500,183.8300018310547,-0.016373254687715777
AMZN,2024-06-14,183.0800018310547,183.72000122070312,182.22999572753903,183.66000366210935,25456400,183.66000366210935,-0.0009247574783879386
AMZN,2024-06-17,182.5200042724609,185.0,181.22000122070312,184.05999755859372,35601900,184.05999755859372,0.002177904217078641
AMZN,2024-06-18,183.7400054931641,184.2899932861328,181.42999267578125,182.80999755859372,36659200,182.80999755859372,-0.006791263808433312
AMZN,2024-06-20,182.91000366210935,186.50999450683597,182.72000122070312,186.1000061035156,44726800,186.1000061035156,0.017996874289478493
AMZN,2024-06-21,187.8000030517578,189.27999877929688,185.8600006103516,189.0800018310547,70792500,189.0800018310547,0.01601287280926522
AMZN,2024-06-24,189.3300018310547,191.0,185.3300018310547,185.57000732421875,50610400,185.57000732421875,-0.0185635417434159
AMZN,2024-06-25,186.80999755859372,188.83999633789065,185.4199981689453,186.33999633789065,45366400,186.33999633789065,0.004149318226444931
AMZN,2024-06-26,186.9199981689453,194.8000030517578,186.25999450683597,193.6100006103516,65103900,193.6100006103516,0.03901472799901873
AMZN,2024-06-27,195.00999450683597,199.83999633789065,194.1999969482422,197.8500061035156,74397500,197.8500061035156,0.02189972356695158
AMZN,2024-06-28,197.72999572753903,198.8500061035156,192.5,193.25,76930200,193.25,-0.023249966952787804
AMZN,2024-07-01,193.4900054931641,198.3000030517578,192.82000732421875,197.1999969482422,41192000,197.1999969482422,0.02043982896891161
AMZN,2024-07-02,197.27999877929688,200.42999267578125,195.92999267578125,200.0,45600000,200.0,0.014198798656638534
AMZN,2024-07-03,199.94000244140625,200.02999877929688,196.75999450683597,197.58999633789065,31597900,197.58999633789065,-0.01205001831054675
AMZN,2024-07-05,198.6499938964844,200.5500030517578,198.1699981689453,200.0,39858900,200.0,0.012196992290986808
AMZN,2024-07-08,200.0399932861328,201.1999969482422,197.9600067138672,199.2899932861328,34767300,199.2899932861328,-0.0035500335693359197
AMZN,2024-07-09,199.3999938964844,200.57000732421875,199.0500030517578,199.33999633789065,32700100,199.33999633789065,0.00025090598345323123
AMZN,2024-07-10,200.0,200.1100006103516,197.69000244140625,199.7899932861328,32883800,199.7899932861328,0.002257434315787732
AMZN,2024-07-11,200.08999633789065,200.2700042724609,192.8600006103516,195.0500030517578,44565000,195.0500030517578,-0.023724863074531144
AMZN,2024-07-12,194.8000030517578,196.47000122070312,193.8300018310547,194.4900054931641,30598500,194.4900054931641,-0.0028710461411535215
AMZN,2024-07-15,194.55999755859372,196.19000244140625,190.8300018310547,192.72000122070312,40683200,192.72000122070312,-0.009100746683475047
AMZN,2024-07-16,195.58999633789065,196.6199951171875,192.2400054931641,193.0200042724609,33994700,193.0200042724609,0.0015566783408962337
AMZN,2024-07-17,191.3500061035156,191.5800018310547,185.9900054931641,187.92999267578125,48076100,187.92999267578125,-0.02637038381521717
AMZN,2024-07-18,189.58999633789065,189.67999267578125,181.4499969482422,183.75,51043600,183.75,-0.022242286163404512
AMZN,2024-07-19,181.13999938964844,184.92999267578125,180.11000061035156,183.1300048828125,43081800,183.1300048828125,-0.0033741230867346816
AMZN,2024-07-22,185.0,185.05999755859372,182.47999572753903,182.5500030517578,39931900,182.5500030517578,-0.003167158934036185
AMZN,2024-07-23,184.1000061035156,189.38999938964844,183.55999755859372,186.41000366210935,47537700,186.41000366210935,0.021144894800451564
AMZN,2024-07-24,183.1999969482422,185.4499969482422,180.41000366210935,180.8300018310547,41532400,180.8300018310547,-0.029934025650088403
AMZN,2024-07-25,182.91000366210935,183.8999938964844,176.8000030517578,179.85000610351562,44464200,179.85000610351562,-0.005419431054668911
AMZN,2024-07-26,180.38999938964844,183.19000244140625,180.2400054931641,182.5,29506000,182.5,0.014734466536293178
AMZN,2024-07-29,183.83999633789065,184.75,182.3800048828125,183.1999969482422,33270100,183.1999969482422,0.003835599716395466
AMZN,2024-07-30,184.72000122070312,185.8600006103516,179.3800048828125,181.7100067138672,39508600,181.7100067138672,-0.008133134602594794
AMZN,2024-07-31,185.0500030517578,187.94000244140625,184.4600067138672,186.97999572753903,41667300,186.97999572753903,0.029002194810164417
AMZN,2024-08-01,189.2899932861328,190.6000061035156,181.8699951171875,184.07000732421875,70435600,184.07000732421875,-0.015563100170141286
AMZN,2024-08-02,166.75,168.77000427246094,160.5500030517578,167.89999389648438,141448400,167.89999389648438,-0.0878470841762542
AMZN,2024-08-05,154.2100067138672,162.9600067138672,151.61000061035156,161.02000427246094,83149400,161.02000427246094,-0.04097671157906757
AMZN,2024-08-06,161.7100067138672,165.0800018310547,158.5399932861328,161.92999267578125,59950800,161.92999267578125,0.005651399696776416
AMZN,2024-08-07,166.5500030517578,167.5800018310547,161.42999267578125,162.77000427246094,48408200,162.77000427246094,0.0051874985158653075
AMZN,2024-08-08,165.1699981689453,166.69000244140625,162.5500030517578,165.8000030517578,44616200,165.8000030517578,0.018615215947435537
AMZN,2024-08-09,166.39999389648438,168.5500030517578,165.85000610351562,166.94000244140625,36401000,166.94000244140625,0.00687575011257735
AMZN,2024-08-12,168.13999938964844,168.5500030517578,166.11000061035156,166.8000030517578,30072800,166.8000030517578,-0.000838620987187122
AMZN,2024-08-13,167.80999755859375,171.0399932861328,167.10000610351562,170.22999572753906,39237900,170.22999572753906,0.020563504874259175
AMZN,2024-08-14,172.11000061035156,172.27999877929688,168.86000061035156,170.10000610351562,28843800,170.10000610351562,-0.0007636117446156998
AMZN,2024-08-15,174.86000061035156,177.91000366210938,173.99000549316406,177.58999633789062,51698500,177.58999633789062,0.04403286281963403
AMZN,2024-08-16,177.0399932861328,178.33999633789062,176.25999450683594,177.05999755859375,31489200,177.05999755859375,-0.002984395462729106
AMZN,2024-08-19,177.63999938964844,178.3000030517578,176.16000366210938,178.22000122070312,31129800,178.22000122070312,0.006551472258579993
AMZN,2024-08-20,177.9199981689453,179.00999450683594,177.42999267578125,178.8800048828125,26255200,178.8800048828125,0.003703308593809629
AMZN,2024-08-21,179.9199981689453,182.38999938964844,178.88999938964844,180.11000061035156,35599100,180.11000061035156,0.006876093995775934
AMZN,2024-08-22,181.3800048828125,181.47000122070312,175.67999267578125,176.1300048828125,32047500,176.1300048828125,-0.022097583221652117
AMZN,2024-08-23,177.33999633789062,178.97000122070312,175.24000549316406,177.0399932861328,29150100,177.0399932861328,0.005166572293719973
AMZN,2024-08-26,176.6999969482422,177.47000122070312,174.3000030517578,175.5,22366200,175.5,-0.00869856159361615
AMZN,2024-08-27,174.14999389648438,174.88999938964844,172.25,173.1199951171875,29842000,173.1199951171875,-0.013561281383547064
AMZN,2024-08-28,173.69000244140625,173.69000244140625,168.9199981689453,170.8000030517578,29045000,170.8000030517578,-0.013401063602498708
AMZN,2024-08-29,173.22000122070312,174.2899932861328,170.80999755859375,172.1199951171875,26407800,172.1199951171875,0.007728290643119529
AMZN,2024-08-30,172.77999877929688,178.89999389648438,172.60000610351562,178.5,43429400,178.5,0.037067191865004956
AMZN,2024-09-03,177.5500030517578,178.25999450683594,175.25999450683594,176.25,37817500,176.25,-0.012605042016806678
AMZN,2024-09-04,174.47999572753906,175.97999572753906,172.5399932861328,173.3300018310547,30309200,173.3300018310547,-0.016567365497562103
AMZN,2024-09-05,175.0,179.8800048828125,175.0,177.88999938964844,40170500,177.88999938964844,0.026308183871355473
AMZN,2024-09-06,177.24000549316406,178.3800048828125,171.16000366210938,171.38999938964844,41466500,171.38999938964844,-0.03653943460735232
AMZN,2024-09-09,174.52999877929688,175.85000610351562,173.50999450683594,175.39999389648438,29037400,175.39999389648438,0.023396899008788496
AMZN,2024-09-10,177.49000549316406,180.5,176.7899932861328,179.5500030517578,36233800,179.5500030517578,0.023660258265018275
AMZN,2024-09-11,180.10000610351562,184.9900054931641,175.72999572753906,184.5200042724609,42564700,184.5200042724609,0.027680318219044597
AMZN,2024-09-12,184.8000030517578,187.41000366210935,183.5399932861328,187.0,33544200,187.0,0.013440254011034769
AMZN,2024-09-13,187.0,188.5,185.91000366210935,186.4900054931641,26495400,186.4900054931641,-0.0027272433520636463
AMZN,2024-09-16,185.2899932861328,185.80999755859372,183.3600006103516,184.88999938964844,26065500,184.88999938964844,-0.00857958097692424
AMZN,2024-09-17,186.8500061035156,189.4499969482422,186.13999938964844,186.8800048828125,26091700,186.8800048828125,0.010763186217390919
AMZN,2024-09-18,186.4499969482422,188.8000030517578,185.05999755859372,186.42999267578125,34448100,186.42999267578125,-0.0024080275860086653
AMZN,2024-09-19,190.0399932861328,190.9900054931641,188.47000122070312,189.8699951171875,39543200,189.8699951171875,0.01845197970580159
AMZN,2024-09-20,190.22999572753903,191.83999633789065,187.41000366210935,191.6000061035156,100378600,191.6000061035156,0.009111555436973173
AMZN,2024-09-23,191.63999938964844,194.4499969482422,190.57000732421875,193.8800048828125,36993100,193.8800048828125,0.011899784481557374
AMZN,2024-09-24,194.2700042724609,195.3699951171875,190.1300048828125,193.9600067138672,43478900,193.9600067138672,0.0004126358007008335
AMZN,2024-09-25,193.75,193.9499969482422,192.16000366210935,192.52999877929688,26391100,192.52999877929688,-0.007372694808574054
AMZN,2024-09-26,194.30999755859372,194.52999877929688,189.5399932861328,191.16000366210935,36334900,191.16000366210935,-0.007115748848874226
AMZN,2024-09-27,190.67999267578125,190.8999938964844,187.33999633789065,187.97000122070312,36002300,187.97000122070312,-0.016687603998192024
AMZN,2024-09-30,187.13999938964844,188.4900054931641,184.6499938964844,186.3300018310547,41583900,186.3300018310547,-0.008724793206352333
AMZN,2024-10-01,184.8999938964844,186.19000244140625,183.4499969482422,185.1300048828125,36044900,185.1300048828125,-0.006440170323887107
AMZN,2024-10-02,184.44000244140625,186.6000061035156,184.0399932861328,184.75999450683597,23704100,184.75999450683597,-0.0019986515757440815
AMZN,2024-10-03,183.0500030517578,183.44000244140625,180.8800048828125,181.9600067138672,30204300,181.9600067138672,-0.015154729791167942
AMZN,2024-10-04,185.75,187.6000061035156,183.6000061035156,186.50999450683597,40890300,186.50999450683597,0.02500542770436165
AMZN,2024-10-07,182.9499969482422,183.6000061035156,180.25,180.8000030517578,42364200,180.8000030517578,-0.03061493551686778
AMZN,2024-10-08,181.9199981689453,183.08999633789065,180.9199981689453,182.72000122070312,26372100,182.72000122070312,0.010619458719785868
AMZN,2024-10-09,182.82000732421875,185.8500061035156,182.0500030517578,185.1699981689453,26343100,185.1699981689453,0.013408477078997505
AMZN,2024-10-10,187.1300048828125,188.1300048828125,185.8300018310547,186.6499938964844,27785000,186.6499938964844,0.007992632403596822
AMZN,2024-10-11,186.6300048828125,189.92999267578125,186.3000030517578,188.82000732421875,25751600,188.82000732421875,0.011626110360002606
AMZN,2024-10-14,189.77999877929688,189.8300018310547,187.3600006103516,187.5399932861328,22614400,187.5399932861328,-0.006779016992029097
AMZN,2024-10-15,187.6300048828125,188.41000366210935,184.5800018310547,187.69000244140625,32178900,187.69000244140625,0.0007998782160802964
AMZN,2024-10-16,187.0500030517578,187.77999877929688,185.6100006103516,186.88999938964844,23456800,186.88999938964844,-0.004262363692000948
AMZN,2024-10-17,188.22000122070312,188.94000244140625,186.0,187.52999877929688,25039400,187.52999877929688,0.0034244710350397334
AMZN,2024-10-18,187.1499938964844,190.7400054931641,186.27999877929688,188.9900054931641,37417700,188.9900054931641,0.007785456851548744
AMZN,2024-10-21,188.0500030517578,189.4600067138672,186.3999938964844,189.07000732421875,24639400,189.07000732421875,0.00042331249658356107
AMZN,2024-10-22,188.3500061035156,191.5200042724609,186.97999572753903,189.6999969482422,29650600,189.6999969482422,0.003332044214411578
AMZN,2024-10-23,188.8500061035156,189.16000366210935,183.69000244140625,184.7100067138672,31937100,184.7100067138672,-0.026304640562205495
AMZN,2024-10-24,185.25,187.1100006103516,183.8600006103516,186.3800048828125,21647400,186.3800048828125,0.009041189476714617
AMZN,2024-10-25,187.8500061035156,190.4499969482422,187.52999877929688,187.8300018310547,29362100,187.8300018310547,0.007779788122410869
AMZN,2024-10-28,189.57000732421875,190.2100067138672,188.2100067138672,188.38999938964844,27930800,188.38999938964844,0.002981406341556969
AMZN,2024-10-29,188.5800018310547,191.4600067138672,187.82000732421875,190.8300018310547,35690200,190.8300018310547,0.012951868195294036
AMZN,2024-10-30,194.6999969482422,195.6100006103516,192.4199981689453,192.72999572753903,37707600,192.72999572753903,0.009956473710912794
AMZN,2024-10-31,190.50999450683597,190.6000061035156,185.22999572753903,186.3999938964844,75146800,186.3999938964844,-0.032843885079535395
AMZN,2024-11-01,199.0,200.5,197.0200042724609,197.92999267578125,99687800,197.92999267578125,0.06185621865256041
AMZN,2024-11-04,196.4499969482422,197.3300018310547,194.30999755859372,195.77999877929688,38492100,195.77999877929688,-0.01086239567545566
AMZN,2024-11-05,196.0399932861328,199.82000732421875,195.9900054931641,199.5,30564800,199.5,0.0190009257528736
AMZN,2024-11-06,200.00999450683597,207.5500030517578,199.13999938964844,207.08999633789065,72292200,207.08999633789065,0.03804509442551707
AMZN,2024-11-07,207.44000244140625,212.25,207.19000244140625,210.0500030517578,52878400,210.0500030517578,0.01429333510169939
AMZN,2024-11-08,209.72000122070312,209.9600067138672,207.44000244140625,208.17999267578125,36075800,208.17999267578125,-0.008902691496347037
AMZN,2024-11-11,208.5,209.6499938964844,205.58999633789065,206.83999633789065,35456000,206.83999633789065,-0.006436720074140423
AMZN,2024-11-12,208.3699951171875,209.5399932861328,206.00999450683597,208.91000366210935,38942900,208.91000366210935,0.01000777103494599
AMZN,2024-11-13,209.3999938964844,215.08999633789065,209.13999938964844,214.1000061035156,46212900,214.1000061035156,0.024843245179395845
AMZN,2024-11-14,214.16000366210935,215.8999938964844,210.8800048828125,211.47999572753903,42620300,211.47999572753903,-0.012237320417028852
AMZN,2024-11-15,206.75999450683597,207.33999633789065,199.6100006103516,202.6100006103516,86591100,202.6100006103516,-0.04194247823144048
AMZN,2024-11-18,204.1499938964844,204.6699981689453,200.9499969482422,201.6999969482422,36409900,201.6999969482422,-0.004491405455644193
AMZN,2024-11-19,199.3300018310547,205.3000030517578,198.77999877929688,204.6100006103516,31197900,204.6100006103516,0.014427385751801136
AMZN,2024-11-20,202.97999572753903,203.1300048828125,199.4499969482422,202.8800048828125,32769000,202.8800048828125,-0.008455088814713463
AMZN,2024-11-21,203.4900054931641,203.4900054931641,195.75,198.3800048828125,58800000,198.3800048828125,-0.022180598835253806
AMZN,2024-11-22,198.25,199.25999450683597,196.75,197.1199951171875,31530800,197.1199951171875,-0.006351495788949668
AMZN,2024-11-25,199.27999877929688,201.9499969482422,199.0,201.4499969482422,40685700,201.4499969482422,0.021966324768223133
AMZN,2024-11-26,201.8999938964844,208.0,201.7899932861328,207.8600006103516,41673700,207.8600006103516,0.03181932866326287
AMZN,2024-11-27,206.97999572753903,207.63999938964844,205.0500030517578,205.7400054931641,28061600,205.7400054931641,-0.010199148999145757
AMZN,2024-11-29,205.8300018310547,208.1999969482422,204.58999633789065,207.88999938964844,24892400,207.88999938964844,0.010450052683389277
AMZN,2024-12-02,209.9600067138672,212.9900054931641,209.50999450683597,210.7100067138672,39523200,210.7100067138672,0.01356490130596999
AMZN,2024-12-03,210.30999755859372,214.0200042724609,209.6499938964844,213.44000244140625,32214800,213.44000244140625,0.012956175029913197
AMZN,2024-12-04,215.9600067138672,220.0,215.75,218.16000366210935,48745700,218.16000366210935,0.022113948494724367
AMZN,2024-12-05,218.02999877929688,222.1499938964844,217.3000030517578,220.5500030517578,41140200,220.5500030517578,0.010955259211262947
AMZN,2024-12-06,220.75,227.1499938964844,220.6000061035156,227.02999877929688,44178100,227.02999877929688,0.029381072944344444
AMZN,2024-12-09,227.2100067138672,230.0800018310547,225.6699981689453,226.08999633789065,46819400,226.08999633789065,-0.004140432746599365
AMZN,2024-12-10,226.08999633789065,229.05999755859372,224.1999969482422,225.0399932861328,31199900,225.0399932861328,-0.004644181824783655
AMZN,2024-12-11,226.41000366210935,231.1999969482422,226.25999450683597,230.25999450683597,35385800,230.25999450683597,0.02319588240507131
AMZN,2024-12-12,229.8300018310547,231.08999633789065,227.6300048828125,228.97000122070312,28204100,228.97000122070312,-0.0056023335225717785
AMZN,2024-12-13,228.3999938964844,230.1999969482422,225.8600006103516,227.4600067138672,28768100,227.4600067138672,-0.006594726378065796
AMZN,2024-12-16,230.22999572753903,233.0,228.00999450683597,232.92999267578125,37552100,232.92999267578125,0.024048121869595374
AMZN,2024-12-17,232.38999938964844,232.72999572753903,227.8500061035156,231.1499938964844,35948100,231.1499938964844,-0.007641775792155969
AMZN,2024-12-18,230.7700042724609,231.3999938964844,220.1100006103516,220.5200042724609,43281400,220.5200042724609,-0.04598741035997567
AMZN,2024-12-19,224.91000366210935,226.08999633789065,222.9199981689453,223.2899932861328,39918700,223.2899932861328,0.012561168873593376
AMZN,2024-12-20,219.83999633789065,226.2100067138672,218.72999572753903,224.9199981689453,88279200,224.9199981689453,0.00729994595290151
AMZN,2024-12-23,225.00999450683597,226.8800048828125,223.8999938964844,225.05999755859372,28070000,225.05999755859372,0.0006224408269079884
AMZN,2024-12-24,226.94000244140625,229.13999938964844,226.1300048828125,229.0500030517578,15007500,229.0500030517578,0.017728630305015924
AMZN,2024-12-26,228.5,228.5,226.6699981689453,227.0500030517578,16146700,227.0500030517578,-0.00873171784917226
AMZN,2024-12-27,225.6000061035156,226.02999877929688,220.8999938964844,223.75,27367100,223.75,-0.014534256804240364
AMZN,2024-12-30,220.05999755859372,223.0,218.42999267578125,221.3000030517578,28321200,221.3000030517578,-0.010949707031249978
AMZN,2024-12-31,222.97000122070312,223.22999572753903,218.94000244140625,219.38999938964844,24819700,219.38999938964844,-0.008630834323407832
AMZN,2025-01-02,222.02999877929688,225.1499938964844,218.19000244140625,220.22000122070312,33956600,220.22000122070312,0.003783225458606987
AMZN,2025-01-03,222.50999450683597,225.3600006103516,221.6199951171875,224.19000244140625,27515600,224.19000244140625,0.018027432561515733
AMZN,2025-01-06,226.77999877929688,228.83999633789065,224.83999633789065,227.6100006103516,31849800,227.6100006103516,0.015254909370185699
AMZN,2025-01-07,227.8999938964844,228.3800048828125,221.4600067138672,222.1100006103516,28084200,222.1100006103516,-0.02416414035082548
AMZN,2025-01-08,223.19000244140625,223.5200042724609,220.1999969482422,222.1300048828125,25033300,222.1300048828125,9.006470850447812e-05
AMZN,2025-01-10,221.4600067138672,221.7100067138672,216.5,218.94000244140625,36811500,218.94000244140625,-0.014360970473526025
AMZN,2025-01-13,218.05999755859372,219.3999938964844,216.47000122070312,218.4600067138672,27262700,218.4600067138672,-0.0021923619356289947
AMZN,2025-01-14,220.44000244140625,221.82000732421875,216.1999969482422,217.75999450683597,24711700,217.75999450683597,-0.003204303696411004
AMZN,2025-01-15,222.8300018310547,223.57000732421875,220.75,223.3500061035156,31291300,223.3500061035156,0.02567051679689558
AMZN,2025-01-16,224.4199981689453,224.6499938964844,220.30999755859372,220.66000366210935,24757300,220.66000366210935,-0.012043887924316987
AMZN,2025-01-17,225.83999633789065,226.50999450683597,223.0800018310547,225.94000244140625,42370100,225.94000244140625,0.023928209424767477
AMZN,2025-01-21,228.8999938964844,231.77999877929688,226.94000244140625,230.7100067138672,39951500,230.7100067138672,0.021111818274402117
AMZN,2025-01-22,232.0200042724609,235.44000244140625,231.19000244140625,235.00999450683597,41448200,235.00999450683597,0.018638063663626525
AMZN,2025-01-23,234.1000061035156,235.5200042724609,231.50999450683597,235.4199981689453,26404400,235.4199981689453,0.0017446222360446573
AMZN,2025-01-24,234.5,236.3999938964844,232.92999267578125,234.8500061035156,25890700,234.8500061035156,-0.002421170970448583
AMZN,2025-01-27,226.2100067138672,235.6100006103516,225.8600006103516,235.4199981689453,49428300,235.4199981689453,0.0024270472668350695
AMZN,2025-01-28,234.2899932861328,241.7700042724609,233.97999572753903,238.1499938964844,41587200,238.1499938964844,0.011596277923594078
AMZN,2025-01-29,239.0200042724609,240.38999938964844,236.1499938964844,237.07000732421875,26091700,237.07000732421875,-0.004534900692607535
AMZN,2025-01-30,237.13999938964844,237.9499969482422,232.22000122070312,234.63999938964844,32020700,234.63999938964844,-0.010250170242948609
AMZN,2025-01-31,236.5,240.2899932861328,236.41000366210935,237.67999267578125,36110200,237.67999267578125,0.012955989149507907
AMZN,2025-02-03,234.05999755859372,239.25,232.8999938964844,237.4199981689453,37285900,237.4199981689453,-0.0010938846972727845
AMZN,2025-02-04,239.00999450683597,242.5200042724609,238.02999877929688,242.05999755859372,29713800,242.05999755859372,0.019543422733693472
AMZN,2025-02-05,237.0200042724609,238.32000732421875,235.1999969482422,236.1699981689453,38727300,236.1699981689453,-0.024332807771026532
AMZN,2025-02-06,238.00999450683597,239.66000366210935,236.00999450683597,238.8300018310547,60897100,238.8300018310547,0.011263088803542765
AMZN,2025-02-07,232.5,234.80999755859372,228.05999755859372,229.1499938964844,77539300,229.1499938964844,-0.04053095448794497
AMZN,2025-02-10,230.5500030517578,233.9199981689453,229.1999969482422,233.13999938964844,35419900,233.13999938964844,0.017412199866636113
AMZN,2025-02-11,231.9199981689453,233.44000244140625,230.1300048828125,232.75999450683597,23713700,232.75999450683597,-0.0016299428832774465
AMZN,2025-02-12,230.4600067138672,231.17999267578125,228.16000366210935,228.92999267578125,32285200,228.92999267578125,-0.01645472556041938
AMZN,2025-02-13,228.8500061035156,230.4199981689453,227.5200042724609,230.3699951171875,31346500,230.3699951171875,0.006290143220533118
AMZN,2025-02-14,229.1999969482422,229.88999938964844,227.22999572753903,228.67999267578125,27031100,228.67999267578125,-0.007336035409240549
AMZN,2025-02-18,228.82000732421875,229.3000030517578,223.72000122070312,226.6499938964844,42975100,226.6499938964844,-0.008877028355405603
AMZN,2025-02-19,225.5200042724609,226.8300018310547,223.7100067138672,226.6300048828125,28566700,226.6300048828125,-8.81933122002243e-05
AMZN,2025-02-20,224.77999877929688,225.1300048828125,221.80999755859372,222.8800048828125,30001700,222.8800048828125,-0.016546793977871843
AMZN,2025-02-21,223.27999877929688,223.30999755859372,214.7400054931641,216.5800018310547,55323900,216.5800018310547,-0.028266344731418536
AMZN,2025-02-24,217.4499969482422,217.72000122070312,212.4199981689453,212.7100067138672,42387600,212.7100067138672,-0.017868663239768212
AMZN,2025-02-25,211.6300048828125,213.33999633789065,204.16000366210935,212.8000030517578,58958000,212.8000030517578,0.000423094048469963
AMZN,2025-02-26,214.94000244140625,218.16000366210935,213.08999633789065,214.3500061035156,39120600,214.3500061035156,0.007283848822975836
AMZN,2025-02-27,218.3500061035156,219.97000122070312,208.3699951171875,208.7400054931641,40548600,208.7400054931641,-0.02617215045770649
AMZN,2025-02-28,208.6499938964844,212.6199951171875,206.9900054931641,212.27999877929688,51771700,212.27999877929688,0.016958863624484843
AMZN,2025-03-03,213.3500061035156,214.00999450683597,202.5500030517578,205.0200042724609,42948400,205.0200042724609,-0.03420008737791658
AMZN,2025-03-04,200.1100006103516,206.8000030517578,197.42999267578125,203.8000030517578,60853100,203.8000030517578,-0.005950644792113935
AMZN,2025-03-05,204.8000030517578,209.97999572753903,203.25999450683597,208.3600006103516,38610100,208.3600006103516,0.022374865016246748
AMZN,2025-03-06,204.3999938964844,205.7700042724609,198.3000030517578,200.6999969482422,49863800,200.6999969482422,-0.03676331176651404
AMZN,2025-03-07,199.4900054931641,202.2700042724609,192.52999877929688,199.25,59802800,199.25,-0.007224698407026442
AMZN,2025-03-10,195.6000061035156,196.72999572753903,190.8500061035156,194.5399932861328,62350900,194.5399932861328,-0.02363867861413893
AMZN,2025-03-11,193.8999938964844,200.17999267578125,193.3999938964844,196.58999633789065,54002900,196.58999633789065,0.010537694677220655
AMZN,2025-03-12,200.72000122070312,201.5200042724609,195.2899932861328,198.88999938964844,43679300,198.88999938964844,0.011699491808345286
AMZN,2025-03-13,198.1699981689453,198.8800048828125,191.82000732421875,193.88999938964844,41270800,193.88999938964844,-0.025139524437347016
AMZN,2025-03-14,197.41000366210935,198.6499938964844,195.32000732421875,197.9499969482422,38096700,197.9499969482422,0.02093969555611075
AMZN,2025-03-17,198.7700042724609,199.0,194.32000732421875,195.7400054931641,47341800,195.7400054931641,-0.011164392468548168
AMZN,2025-03-18,192.5200042724609,194.0,189.3800048828125,192.82000732421875,40414900,192.82000732421875,-0.014917738259935365
AMZN,2025-03-19,193.3800048828125,195.97000122070312,191.9600067138672,195.5399932861328,39442900,195.5399932861328,0.014106347155876442
AMZN,2025-03-20,193.07000732421875,199.32000732421875,192.3000030517578,194.9499969482422,38921100,194.9499969482422,-0.003017266841301769
AMZN,2025-03-21,192.8999938964844,196.9900054931641,192.5200042724609,196.2100067138672,60056900,196.2100067138672,0.006463245885351521
AMZN,2025-03-24,200.0,203.63999938964844,199.9499969482422,203.25999450683597,41625400,203.25999450683597,0.03593082692897398
AMZN,2025-03-25,203.6000061035156,206.2100067138672,203.22000122070312,205.7100067138672,31171200,205.7100067138672,0.012053587883713357
AMZN,2025-03-26,205.83999633789065,206.00999450683597,199.92999267578125,201.1300048828125,32855300,201.1300048828125,-0.022264360904062586
AMZN,2025-03-27,200.88999938964844,203.7899932861328,199.27999877929688,201.3600006103516,27317700,201.3600006103516,0.0011435177345771042
AMZN,2025-03-28,198.4199981689453,199.25999450683597,191.8800048828125,192.72000122070312,52548200,192.72000122070312,-0.04290822091507429
AMZN,2025-03-31,188.19000244140625,191.3300018310547,184.3999938964844,190.25999450683597,63547600,190.25999450683597,-0.01276466738421178
AMZN,2025-04-01,187.8600006103516,193.92999267578125,187.1999969482422,192.1699981689453,41267300,192.1699981689453,0.010038913682617112
AMZN,2025-04-02,187.66000366210935,198.33999633789065,187.66000366210935,196.00999450683597,53679200,196.00999450683597,0.019982288465834053
AMZN,2025-04-03,183.0,184.1300048828125,176.9199981689453,178.41000366210938,95553600,178.41000366210938,-0.08979129298487265
AMZN,2025-04-04,167.14999389648438,178.13999938964844,166.0,171.0,123159400,171.0,-0.041533565999713695
AMZN,2025-04-07,162.0,183.41000366210935,161.3800048828125,175.25999450683594,109327100,175.25999450683594,0.024912248577988017
AMZN,2025-04-08,185.22999572753903,185.8999938964844,168.57000732421875,170.66000366210938,87710400,170.66000366210938,-0.026246667744515673
AMZN,2025-04-09,172.1199951171875,192.6499938964844,169.92999267578125,191.1000061035156,116804300,191.1000061035156,0.11977031526306248
AMZN,2025-04-10,185.44000244140625,186.8699951171875,175.85000610351562,181.22000122070312,68302000,181.22000122070312,-0.051700704171933065
AMZN,2025-04-11,179.92999267578125,185.8600006103516,178.0,184.8699951171875,50594300,184.8699951171875,0.020141230945248445
AMZN,2025-04-14,186.83999633789065,187.44000244140625,179.22999572753906,182.1199951171875,48002500,182.1199951171875,-0.014875318183769082
AMZN,2025-04-15,181.41000366210935,182.3500061035156,177.92999267578125,179.58999633789062,43642000,179.58999633789062,-0.013891933050343641
AMZN,2025-04-16,176.2899932861328,179.10000610351562,171.41000366210938,174.3300018310547,51875300,174.3300018310547,-0.029288905919567454
AMZN,2025-04-17,176.0,176.2100067138672,172.0,172.61000061035156,44726500,172.61000061035156,-0.009866352335440198
AMZN,2025-04-21,169.60000610351562,169.60000610351562,165.2899932861328,167.32000732421875,48126100,167.32000732421875,-0.030647084568839134
AMZN,2025-04-22,169.85000610351562,176.77999877929688,169.35000610351562,173.17999267578125,56607200,173.17999267578125,0.03502262189247651
AMZN,2025-04-23,183.4499969482422,187.3800048828125,180.19000244140625,180.6000061035156,63470100,180.6000061035156,0.042845673527805994
AMZN,2025-04-24,180.9199981689453,186.7400054931641,180.17999267578125,186.5399932861328,43763200,186.5399932861328,0.032890293365840595
AMZN,2025-04-25,187.6199951171875,189.94000244140625,185.4900054931641,188.9900054931641,36414300,188.9900054931641,0.013133978209558528
AMZN,2025-04-28,190.1100006103516,190.22000122070312,184.88999938964844,187.6999969482422,33224700,187.6999969482422,-0.006825802991833663
AMZN,2025-04-29,183.9900054931641,188.0200042724609,183.67999267578125,187.38999938964844,41667300,187.38999938964844,-0.0016515586767922308
AMZN,2025-04-30,182.1699981689453,185.0500030517578,178.85000610351562,184.4199981689453,55176500,184.4199981689453,-0.015849304820837684
AMZN,2025-05-01,190.6300048828125,191.80999755859372,187.5,190.1999969482422,74266000,190.1999969482422,0.031341496782804956
AMZN,2025-05-02,191.44000244140625,192.8800048828125,186.3999938964844,189.97999572753903,77903500,189.97999572753903,-0.0011566836184704332
AMZN,2025-05-05,186.50999450683597,188.17999267578125,185.52999877929688,186.3500061035156,35217500,186.3500061035156,-0.01910722026349243
AMZN,2025-05-06,184.57000732421875,187.92999267578125,183.8500061035156,185.00999450683597,29314100,185.00999450683597,-0.007190832051463758
AMZN,2025-05-07,185.55999755859372,190.9900054931641,185.00999450683597,188.7100067138672,43948600,188.7100067138672,0.0199989855515319
AMZN,2025-05-08,191.42999267578125,194.3300018310547,188.82000732421875,192.0800018310547,41043600,192.0800018310547,0.01785806262143419
AMZN,2025-05-09,193.3800048828125,194.69000244140625,191.16000366210935,193.05999755859372,29663100,193.05999755859372,0.005102018524557161
AMZN,2025-05-12,210.7100067138672,211.66000366210935,205.75,208.63999938964844,75205000,208.63999938964844,0.08070031092964336
AMZN,2025-05-13,211.0800018310547,214.83999633789065,210.1000061035156,211.3699951171875,56193700,211.3699951171875,0.01308471882441209
AMZN,2025-05-14,211.4499969482422,211.92999267578125,208.8500061035156,210.25,38492100,210.25,-0.005298742220089303
AMZN,2025-05-15,206.4499969482422,206.8800048828125,202.6699981689453,205.1699981689453,64347300,205.1699981689453,-0.024161720956264898
AMZN,2025-05-16,206.8500061035156,206.8500061035156,204.3699951171875,205.58999633789065,43318500,205.58999633789065,0.002047074000553817
AMZN,2025-05-19,201.6499938964844,206.6199951171875,201.25999450683597,206.16000366210935,34314800,206.16000366210935,0.0027725440652368594
AMZN,2025-05-20,204.6300048828125,205.58999633789065,202.6499938964844,204.07000732421875,29470400,204.07000732421875,-0.0101377391383638
AMZN,2025-05-21,201.6100006103516,203.4600067138672,200.05999755859372,201.1199951171875,42460900,201.1199951171875,-0.014455883280997672
AMZN,2025-05-22,201.3800048828125,205.75999450683597,200.16000366210935,203.1000061035156,38938900,203.1000061035156,0.009844923599835909
AMZN,2025-05-23,198.8999938964844,202.3699951171875,197.8500061035156,200.9900054931641,33393500,200.9900054931641,-0.010388973643240984
AMZN,2025-05-27,203.08999633789065,206.69000244140625,202.19000244140625,206.0200042724609,34892000,206.0200042724609,0.02502611394509313
AMZN,2025-05-28,205.9199981689453,207.66000366210935,204.41000366210935,204.72000122070312,28549800,204.72000122070312,-0.00631008166584901
AMZN,2025-05-29,208.02999877929688,208.80999755859372,204.22999572753903,205.6999969482422,34650000,205.6999969482422,0.004787005283780621
AMZN,2025-05-30,204.83999633789065,205.9900054931641,201.6999969482422,205.00999450683597,51679400,205.00999450683597,-0.0033544115296211263
AMZN,2025-06-02,204.97999572753903,207.0,202.67999267578125,206.6499938964844,29113300,206.6499938964844,0.007999607012299847
AMZN,2025-06-03,207.1100006103516,208.9499969482422,205.02999877929688,205.7100067138672,33139100,205.7100067138672,-0.00454869204152053
AMZN,2025-06-04,206.5500030517578,208.17999267578125,205.17999267578125,207.22999572753903,29915600,207.22999572753903,0.00738898917924824
AMZN,2025-06-05,209.5500030517578,212.80999755859372,207.55999755859372,207.91000366210935,51864200,207.91000366210935,0.0032814165352026414
AMZN,2025-06-06,212.3999938964844,213.8699951171875,210.5,213.57000732421875,39832500,213.57000732421875,0.027223334916139486
AMZN,2025-06-09,214.75,217.8500061035156,212.8800048828125,216.97999572753903,38102500,216.97999572753903,0.015966607137600564
AMZN,2025-06-10,216.77999877929688,217.69000244140625,214.1499938964844,217.6100006103516,31303300,217.6100006103516,0.0029035159702170965
AMZN,2025-06-11,217.41000366210935,218.3999938964844,212.88999938964844,213.1999969482422,39326000,213.1999969482422,-0.020265629565462295
AMZN,2025-06-12,211.77999877929688,213.5800018310547,211.3300018310547,213.2400054931641,27640000,213.2400054931641,0.0001876573428452044
AMZN,2025-06-13,209.9600067138672,214.0500030517578,209.6199951171875,212.1000061035156,29337800,212.1000061035156,-0.005346085913907173
AMZN,2025-06-16,212.30999755859372,217.05999755859372,211.6000061035156,216.1000061035156,33284200,216.1000061035156,0.018859028217320217
AMZN,2025-06-17,215.1999969482422,217.41000366210935,214.55999755859372,214.82000732421875,32086300,214.82000732421875,-0.005923177895162612
AMZN,2025-06-18,215.08999633789065,217.9600067138672,212.33999633789065,212.5200042724609,44360500,212.5200042724609,-0.010706651956707836
AMZN,2025-06-20,214.67999267578125,214.88999938964844,208.2700042724609,209.69000244140625,75350700,209.69000244140625,-0.013316402099382896
AMZN,2025-06-23,209.7899932861328,210.38999938964844,207.30999755859372,208.47000122070312,37311700,208.47000122070312,-0.005818118205440093
AMZN,2025-06-24,212.13999938964844,214.33999633789065,211.0500030517578,212.7700042724609,38378800,212.7700042724609,0.02062648355436747
AMZN,2025-06-25,214.6199951171875,216.02999877929688,211.1100006103516,211.9900054931641,31755700,211.9900054931641,-0.0036659245365150417
AMZN,2025-06-26,213.1199951171875,218.0399932861328,212.00999450683597,217.1199951171875,50480800,217.1199951171875,0.024199205109171285
AMZN,2025-06-27,219.9199981689453,223.3000030517578,216.7400054931641,223.3000030517578,119217100,223.3000030517578,0.028463559660798277
AMZN,2025-06-30,223.5200042724609,223.82000732421875,219.1199951171875,219.38999938964844,58887800,219.38999938964844,-0.017510092291414314
AMZN,2025-07-01,219.5,221.8800048828125,217.92999267578125,220.4600067138672,39256800,220.4600067138672,0.00487719279454657
AMZN,2025-07-02,219.72999572753903,221.6000061035156,219.05999755859372,219.9199981689453,30894200,219.9199981689453,-0.002449462616694653
AMZN,2025-07-03,221.82000732421875,224.00999450683597,221.3600006103516,223.41000366210935,29632400,223.41000366210935,0.015869432167251007
AMZN,2025-07-07,223.0,224.2899932861328,222.3699951171875,223.47000122070312,36604100,223.47000122070312,0.0002685535903061975
AMZN,2025-07-08,223.9199981689453,224.0,218.42999267578125,219.3600006103516,45692000,219.3600006103516,-0.018391733064396565
AMZN,2025-07-09,221.07000732421875,224.2899932861328,220.47000122070312,222.5399932861328,38155100,222.5399932861328,0.014496684294917683
AMZN,2025-07-10,221.5500030517578,222.7899932861328,219.6999969482422,222.25999450683597,30370600,222.25999450683597,-0.0012581953255333955
AMZN,2025-07-11,223.5800018310547,226.67999267578125,222.3699951171875,225.0200042724609,50518300,225.0200042724609,0.012417933203629383
AMZN,2025-07-14,225.07000732421875,226.66000366210935,224.2400054931641,225.69000244140625,35702600,225.69000244140625,0.0029775049161144818
AMZN,2025-07-15,226.1999969482422,227.2700042724609,225.4600067138672,226.3500061035156,34907300,226.3500061035156,0.0029243814744550622
AMZN,2025-07-16,225.8800048828125,226.1000061035156,222.17999267578125,223.19000244140625,39535900,223.19000244140625,-0.013960696164789121
AMZN,2025-07-17,223.32000732421875,224.5,222.50999450683597,223.8800048828125,31855800,223.8800048828125,0.0030915472640284936
AMZN,2025-07-18,225.13999938964844,226.3999938964844,222.97999572753903,226.1300048828125,37833800,226.1300048828125,0.010050026580880944
AMZN,2025-07-21,225.83999633789065,229.69000244140625,225.6499938964844,229.3000030517578,40297600,229.3000030517578,0.014018476542235536
AMZN,2025-07-22,229.67999267578125,230.0,226.3500061035156,227.47000122070312,37483700,227.47000122070312,-0.007980819043607368
AMZN,2025-07-23,228.47000122070312,228.7899932861328,227.08999633789065,228.2899932861328,28294900,228.2899932861328,0.003604836070819184
AMZN,2025-07-24,229.1699981689453,236.0,228.63999938964844,232.22999572753903,42902300,232.22999572753903,0.01725876103762425
AMZN,2025-07-25,232.22000122070312,232.47999572753903,231.17999267578125,231.44000244140625,28712100,231.44000244140625,-0.003401771091877559
AMZN,2025-07-28,233.3500061035156,234.2899932861328,232.25,232.7899932861328,26300100,232.7899932861328,0.005833005662313484
AMZN,2025-07-29,234.1499938964844,234.72000122070312,230.30999755859372,231.00999450683597,33716200,231.00999450683597,-0.007646371539299701
AMZN,2025-07-30,231.63999938964844,231.8000030517578,229.2899932861328,230.19000244140625,32993300,230.19000244140625,-0.0035495956232554082
AMZN,2025-07-31,235.7700042724609,236.52999877929688,231.3999938964844,234.1100006103516,104357300,234.1100006103516,0.017029402351838252
AMZN,2025-08-01,217.2100067138672,220.44000244140625,212.8000030517578,214.75,122060100,214.75,-0.08269617085933045
GOOGL,2023-08-03,127.20708521303176,128.61861780939276,126.66036110265438,127.68421936035156,20089500,127.68421936035156,
GOOGL,2023-08-04,128.50928317902822,130.7259845647358,127.14745542430263,127.34626007080078,26147200,127.34626007080078,-0.0026468367919216806
GOOGL,2023-08-07,128.38999879802174,130.825389757462,128.2508340337058,130.74586486816406,22746300,130.74586486816406,0.026695756871644383
GOOGL,2023-08-08,129.84130462219062,130.72599828460602,128.76774121704207,130.6166534423828,23535200,130.6166534423828,-0.000988263957040214
GOOGL,2023-08-09,130.8751007464739,131.25282502828625,128.23095493467528,128.88702392578125,24912900,128.88702392578125,-0.01324202902935756
GOOGL,2023-08-10,130.5371424591405,131.2627863135843,128.67828015915416,128.91685485839844,20857800,128.91685485839844,0.0002314502399742846
GOOGL,2023-08-11,127.89298442051545,129.15540227001532,127.40590014319972,128.78761291503906,19591100,128.78761291503906,-0.0010025216912197266
GOOGL,2023-08-14,128.61862128286964,130.58681296556023,128.19119207364483,130.54705810546875,24695600,130.54705810546875,0.013661602623152858
GOOGL,2023-08-15,130.31845525776006,130.63653969498435,128.50929788165192,129.00631713867188,19770700,129.00631713867188,-0.011802188338492559
GOOGL,2023-08-16,127.93274688720705,129.50332947560392,127.10770072841387,127.93274688720705,25216100,127.93274688720705,-0.008321842490169096
GOOGL,2023-08-17,129.02618228652022,131.20312872387996,128.51921301502338,129.1454620361328,33446300,129.1454620361328,0.009479317676145627
GOOGL,2023-08-18,127.74387005295644,128.47946393357242,125.6265709790754,126.70013427734376,30504800,126.70013427734376,-0.0189346781546601
GOOGL,2023-08-21,126.42180525996096,127.96256024478278,125.8054987156855,127.60470581054688,25248700,127.60470581054688,0.0071394678337357576
GOOGL,2023-08-22,127.74386144743474,129.50331355394454,127.5550069040494,128.3104705810547,22054900,128.3104705810547,0.005530867894132818
GOOGL,2023-08-23,129.40390983068465,132.61466473883638,129.09576035782433,131.5808563232422,27819700,131.5808563232422,0.025488065996309928
GOOGL,2023-08-24,133.15145592207938,133.44967050985613,128.79757754470495,129.00631713867188,28500700,129.00631713867188,-0.01956621393499436
GOOGL,2023-08-25,128.76772830539176,129.98045637287547,126.49138703186252,129.105712890625,26762900,129.105712890625,0.0007704719749985767
GOOGL,2023-08-28,130.52717266697422,131.74983558444546,129.36414962335698,130.2289581298828,20543300,130.2289581298828,0.00870019779999498
GOOGL,2023-08-29,131.45164982644576,135.7558381265067,131.45164982644576,133.76776123046875,43075600,133.76776123046875,0.027173703540318117
GOOGL,2023-08-30,133.97651308770176,135.46757089636546,133.27075421891595,135.06996154785156,28315800,135.06996154785156,0.009734784415949438
GOOGL,2023-08-31,135.19916553809026,137.17730753469533,134.98047586337722,135.35821533203125,30053800,135.35821533203125,0.0021341072498755054
GOOGL,2023-09-01,136.64051407411753,136.64051407411753,134.0460734534754,134.8512420654297,21543700,134.8512420654297,-0.0037454192592445423
GOOGL,2023-09-05,134.63256730479986,135.6067207186216,133.77769364880288,134.96060180664062,19403100,134.96060180664062,0.0008109657689165939
GOOGL,2023-09-06,135.2091143042069,135.7160684536214,132.87311787805362,133.65841674804688,18684500,133.65841674804688,-0.009648631090571236
GOOGL,2023-09-07,132.79358623197456,134.7717281086327,132.1574022626096,134.45362854003906,18844300,134.45362854003906,0.005949582610208504
GOOGL,2023-09-08,134.1057179726632,135.84528509208857,134.04607809827723,135.56695556640625,23558300,135.56695556640625,0.008280379179470332
GOOGL,2023-09-11,135.72598982082727,136.66038829795693,134.9804610573074,136.10372924804688,20763400,136.10372924804688,0.00395947286267484
GOOGL,2023-09-12,135.44765552071536,136.05401950038058,134.38404240952485,134.53314208984375,18405500,134.53314208984375,-0.011539633534513594
GOOGL,2023-09-13,134.28465165631675,136.08385883851705,133.35025307890763,135.89500427246094,20749500,135.89500427246094,0.010122875014007437
GOOGL,2023-09-14,136.77971411048927,137.87314744328043,135.427821040557,137.2767333984375,24751000,137.2767333984375,0.01016762266849991
GOOGL,2023-09-15,137.15741568045607,137.69420491628924,135.66635806419885,136.58087158203125,38919600,136.58087158203125,-0.0050690441065971426
GOOGL,2023-09-18,135.7955799322636,138.33038076452607,135.7955799322636,137.38604736328125,21861300,137.38604736328125,0.005895230949426233
GOOGL,2023-09-19,136.60074211992554,137.58484550277345,135.80550844197154,137.217041015625,20353700,137.217041015625,-0.0012301565617457433
GOOGL,2023-09-20,137.25682633323285,137.25682633323285,132.82340832300335,132.9427032470703,29927500,132.9427032470703,-0.031150196337989544
GOOGL,2023-09-21,130.65640715487683,131.44169080160074,129.29457942734587,129.66236877441406,31503900,129.66236877441406,-0.02467479893619917
GOOGL,2023-09-22,129.98046490156776,131.24289800569903,128.82739180369364,129.4735107421875,26397300,129.4735107421875,-0.0014565369583455778
GOOGL,2023-09-25,129.0560163713278,130.3880242807582,128.19120775619095,130.32838439941406,20094600,130.32838439941406,0.006602691564677077
GOOGL,2023-09-26,128.99636321019003,129.58284220679568,126.46156233925063,127.80352020263672,25718700,127.80352020263672,-0.01937309518883823
GOOGL,2023-09-27,127.80353788445824,130.11963425371414,127.80353788445824,129.76177978515625,22746500,129.76177978515625,0.015322422883302877
GOOGL,2023-09-28,129.0659487891118,132.5053285021228,129.01624383301584,131.52122497558594,22513100,131.52122497558594,0.013559040214636164
GOOGL,2023-09-29,132.48543558894025,133.25084939728868,129.58284530626597,130.07986450195312,30859800,130.07986450195312,-0.010959147269958613
GOOGL,2023-10-02,130.4278021512499,133.61865733749448,130.3880321160817,133.37014770507812,22288000,133.37014770507812,0.025294331414956295
GOOGL,2023-10-03,133.14152610971982,133.4596105591579,131.05403908295116,131.64051818847656,22989400,131.64051818847656,-0.01296864063183234
GOOGL,2023-10-04,131.99837031187866,134.7618113919665,131.73992575334603,134.43377685546875,26752300,134.43377685546875,0.021218836764171245
GOOGL,2023-10-05,134.2647705078125,134.6822648049127,132.654418027201,134.2647705078125,19832600,134.2647705078125,-0.0012571717585376785
GOOGL,2023-10-06,133.21108686390718,137.33635552094708,133.21108686390718,136.7598114013672,27597600,136.7598114013672,0.01858299004361319
GOOGL,2023-10-09,136.12363017147987,138.11170710655549,134.8015571895158,137.5948028564453,19278100,137.5948028564453,0.0061055323674552575
GOOGL,2023-10-10,137.67431779749998,138.88704585361853,136.51129469472835,137.2369384765625,27786600,137.2369384765625,-0.0026008568089317396
GOOGL,2023-10-11,137.75385539330637,140.2687715528067,137.75385539330637,139.7121124267578,25884300,139.7121124267578,0.01803577067276252
GOOGL,2023-10-12,140.20911158737982,140.37809628588107,137.43573611101667,138.14151000976562,24765500,138.14151000976562,-0.011241705459256846
GOOGL,2023-10-13,138.5490688742982,139.16536779224674,135.80551334470252,136.54110717773438,23420500,136.54110717773438,-0.01158524206024758
GOOGL,2023-10-16,137.34628832413196,138.79759110863935,137.16736868693363,138.270751953125,28501900,138.270751953125,0.012667575436744904
GOOGL,2023-10-17,137.80354102561654,139.0659588066413,136.3621732868778,138.8870391845703,23515800,138.8870391845703,0.004457104794325817
GOOGL,2023-10-18,138.61865021577995,139.88108321591943,136.56099863925294,137.13754272460938,23375000,137.13754272460938,-0.012596542270844946
GOOGL,2023-10-19,137.67431601854938,138.8274041828809,136.56099788351034,136.9287872314453,26066000,136.9287872314453,-0.0015222344590443138
GOOGL,2023-10-20,136.51132377922343,137.04809795339528,134.2747369124941,134.79164123535156,26335700,134.79164123535156,-0.015607718722297714
GOOGL,2023-10-23,134.23493086908442,136.83932163612403,133.15143271787912,135.6862335205078,26317900,135.6862335205078,0.00663685282675841
GOOGL,2023-10-24,137.0082991168891,138.52917648478848,136.6007397783486,137.98245239257812,44814300,137.98245239257812,0.016923005469993146
GOOGL,2023-10-25,127.39596893998612,127.54506863748684,124.32438624497816,124.86116790771484,84366200,124.86116790771484,-0.09509386343947213
GOOGL,2023-10-26,122.53511368144572,123.58879957217516,120.54703682546509,121.55101776123048,57061100,121.55101776123048,-0.026510645398823307
GOOGL,2023-10-27,122.1474319809211,122.574868782697,119.49335135738528,121.44166564941406,44566500,121.44166564941406,-0.0008996396231846226
GOOGL,2023-10-30,122.47546958591673,124.65241609511718,122.0182128348534,123.718017578125,28940100,123.718017578125,0.0187444063496498
GOOGL,2023-10-31,124.31443963801873,124.62259669848552,121.95857348825356,123.3402862548828,26292300,123.3402862548828,-0.003053163400421277
GOOGL,2023-11-01,123.33035057458808,125.73592181098697,122.98243863278022,125.69615936279295,30082400,125.69615936279295,0.019100597051005197
GOOGL,2023-11-02,127.654413625744,128.2110727208492,126.17329848546125,126.7299575805664,27124600,126.7299575805664,0.008224580790807012
GOOGL,2023-11-03,127.25681984305636,128.75781259815318,127.0977700342472,128.33038330078125,26393100,128.33038330078125,0.012628629810732761
GOOGL,2023-11-06,128.28066761152473,129.56297056422696,127.90292813914924,129.4735107421875,19052700,129.4735107421875,0.008907691319887778
GOOGL,2023-11-07,129.93076446372316,131.12360749662545,129.1057107809451,130.189208984375,29757300,130.189208984375,0.005527758057110477
GOOGL,2023-11-08,130.1892227362355,131.4218359288677,130.00035299557646,131.0540313720703,26425800,131.0540313720703,0.0066428116004537685
GOOGL,2023-11-09,131.17330921154067,131.75978820613193,129.2945773099461,129.46356201171875,23747800,129.46356201171875,-0.012135981958739772
GOOGL,2023-11-10,129.324414399195,132.00831530488142,128.63852541009012,131.799560546875,26913300,131.799560546875,0.018043675756000077
GOOGL,2023-11-13,130.9943712932599,131.7995399221864,130.46753218623832,131.30252075195312,18324800,131.30252075195312,-0.0037711794550718825
GOOGL,2023-11-14,133.3900192192855,134.89101178671473,132.52521063972685,132.8234100341797,32395200,132.8234100341797,0.011583092796060734
GOOGL,2023-11-15,134.06595344634397,134.22500322978144,132.77371566742562,133.81744384765625,23861500,133.81744384765625,0.007483875118254879
GOOGL,2023-11-16,134.38404571420966,136.40194233252694,133.5192372114512,136.11366271972656,28013200,136.11366271972656,0.01715933891761101
GOOGL,2023-11-17,135.1892153028595,135.248855176877,132.85321911836533,134.50332641601562,37240600,134.50332641601562,-0.011830820444724943
GOOGL,2023-11-20,132.89299306327462,135.8452882567301,132.82340309632207,135.43772888183594,27815500,135.43772888183594,0.006947058416460372
GOOGL,2023-11-21,135.47748837599178,136.3621819551645,135.14946904801005,136.1534423828125,22635300,136.1534423828125,0.005284447006645987
GOOGL,2023-11-22,136.65047466997615,138.5888467236324,136.65047466997615,137.66439819335938,17813900,137.66439819335938,0.011097448467726867
GOOGL,2023-11-24,137.20711458302074,137.30652448684904,135.17928298819064,135.87510681152344,12514300,135.87510681152344,-0.012997488132863166
GOOGL,2023-11-27,135.21904704018618,137.59479829207896,135.18922710057512,135.59678649902344,23436500,135.59678649902344,-0.0020483539555635755
GOOGL,2023-11-28,135.26874667015824,136.43176977267186,134.61267768889755,136.38206481933594,18730000,136.38206481933594,0.005791275299272369
GOOGL,2023-11-29,136.74986245036044,137.46555610461678,134.0361268467234,134.18524169921875,23967200,134.18524169921875,-0.016107859365726007
GOOGL,2023-11-30,134.24487952061403,134.7418986856901,130.49735076895044,131.73989868164062,38988300,131.73989868164062,-0.018223636121321385
GOOGL,2023-12-01,131.0738983154297,131.3224079045938,129.89099024415708,131.0738983154297,31442300,131.0738983154297,-0.005055418843310178
GOOGL,2023-12-04,129.1057078822898,129.25480757012173,127.13750857988856,128.4993438720703,36669900,128.4993438720703,-0.01964200711543429
GOOGL,2023-12-05,128.18125944450497,131.35224463448228,127.48543553945277,130.2091064453125,27384800,130.2091064453125,0.01330561325623858
GOOGL,2023-12-06,130.65642113683515,131.0540304644409,129.10572352421968,129.24488830566406,23576200,129.24488830566406,-0.007405151344413885
GOOGL,2023-12-07,134.23493086240282,137.73395006886835,133.89696146682152,136.11366271972656,56767100,136.11366271972656,0.05314542419517476
GOOGL,2023-12-08,133.3999429124122,135.58682423861802,133.23095821384126,134.18524169921875,32260100,134.18524169921875,-0.014167725575636392
GOOGL,2023-12-11,131.59079798222174,132.5450662778127,130.5768746463129,132.495361328125,31138000,132.495361328125,-0.01259363809085412
GOOGL,2023-12-12,131.02420649097294,132.20711468075774,130.4774823064729,131.72998046875,29032800,131.72998046875,-0.00577666155028278
GOOGL,2023-12-13,132.5848470241734,132.70412677881075,130.78563994188903,131.77967834472656,30104800,131.77967834472656,0.0003772708065370445
GOOGL,2023-12-14,132.58484482724248,132.92281423832972,128.91684075469922,131.15342712402344,38722400,131.15342712402344,-0.004752259442194817
GOOGL,2023-12-15,130.83532549446207,132.7140574083238,130.39794618451384,131.8094940185547,50847100,131.8094940185547,0.005002285559117414
GOOGL,2023-12-18,131.8393324815834,136.33237562753757,131.64051264525398,134.9904327392578,32258000,134.9904327392578,0.024132849794987754
GOOGL,2023-12-19,136.02422741163292,136.65047653282204,135.26876359698784,135.83535766601562,25476800,135.83535766601562,0.0062591467381234445
GOOGL,2023-12-20,138.14153844657088,140.85525943989435,137.24690981909157,137.51528930664062,49107200,137.51528930664062,0.012367410588011385
GOOGL,2023-12-21,138.65843720852163,139.85128038685536,138.35027252947577,139.5828857421875,27488300,139.5828857421875,0.015035393125897523
GOOGL,2023-12-22,139.9307907674915,141.14351883717225,139.8711508899371,140.64649963378906,26532200,140.64649963378906,0.007619944851735561
GOOGL,2023-12-26,140.74590537304954,141.82940368082276,140.3482960463988,140.67633056640625,16780300,140.67633056640625,0.00021209864941429402
GOOGL,2023-12-27,140.74590073188693,141.23298503362224,139.05603839761002,139.53317260742188,19628600,139.53317260742188,-0.008126157075477258
GOOGL,2023-12-28,139.94072133264086,140.29857575464416,138.91686301898574,139.3939971923828,16045700,139.3939971923828,-0.0009974360393183446
GOOGL,2023-12-29,138.7975988871228,139.52324273613158,137.9526601054735,138.85723876953125,18733000,138.85723876953125,-0.0038506566542514387
GOOGL,2024-01-02,137.72402240207782,138.61865088876826,135.66635564773884,137.34628295898438,23711200,137.34628295898438,-0.010881361489945007
GOOGL,2024-01-03,136.43176983282882,138.79758606869683,136.26278512567,138.09181213378906,24212100,138.09181213378906,0.0054280986623229666
GOOGL,2024-01-04,137.59478566159066,138.3303794960598,135.53713417819472,135.57688903808594,27137700,135.57688903808594,-0.018211963887233007
GOOGL,2024-01-05,135.93474551614966,136.34230488338568,134.34427807552308,134.9208221435547,22513900,134.9208221435547,-0.004839076181685775
GOOGL,2024-01-08,135.47748245410608,138.18126802755836,135.4476625165021,138.0122833251953,21404000,138.0122833251953,0.022913151080204086
GOOGL,2024-01-09,137.67433461881012,140.64651524536572,137.32641507069434,140.10972595214844,24759600,140.10972595214844,0.015197506891549306
GOOGL,2024-01-10,140.15941005497154,142.14748679333994,140.0699502420222,141.43177795410156,21320200,141.43177795410156,0.00943583318694552
GOOGL,2024-01-11,142.6345843213877,144.3542666130374,139.8015686385795,141.2329864501953,24008700,141.2329864501953,-0.001405564624739175
GOOGL,2024-01-12,141.81946082123105,142.34629997508586,140.97453725741804,141.79957580566406,18785500,141.79957580566406,0.004011735287269724
GOOGL,2024-01-16,141.1534491833298,143.4894454306052,140.60672504377365,141.64053344726562,22670500,141.64053344726562,-0.0011215996768312309
GOOGL,2024-01-17,140.50735291999237,140.99442209449427,138.0719463761856,140.6266326904297,20968600,140.6266326904297,-0.007158267002809748
GOOGL,2024-01-18,141.20315096714583,143.3502774482293,141.14351109286378,142.62461853027344,25746400,142.62461853027344,0.014207734350306422
GOOGL,2024-01-19,143.877147355267,145.57694480739673,143.5192928651621,145.5073699951172,34271900,145.5073699951172,0.020212158984543427
GOOGL,2024-01-22,146.223042562902,147.5053453185614,144.97054457551917,145.11965942382812,32200400,145.11965942382812,-0.00266454249913306
GOOGL,2024-01-23,145.0202379478199,146.3025406011116,144.6325636416787,146.1633758544922,21636100,146.1633758544922,0.007192109151909154
GOOGL,2024-01-24,147.6544572957646,148.95666034103166,147.21709314063574,147.81350708007812,25233500,147.81350708007812,0.011289635422957689
GOOGL,2024-01-25,149.1753276327466,152.1375573742259,148.64847340523525,150.96458435058594,29149100,150.96458435058594,0.021317925085159617
GOOGL,2024-01-26,150.199201418928,151.63060390831254,150.10972643948642,151.28269958496094,26115500,151.28269958496094,0.002107217634807812
GOOGL,2024-01-29,151.153480689329,152.86322799613788,150.52723162700286,152.59483337402344,27784300,152.59483337402344,0.008673389572385393
GOOGL,2024-01-30,151.8890757322313,152.70417936075472,150.28867324695258,150.55706787109375,36331800,150.55706787109375,-0.013354092388796257
GOOGL,2024-01-31,142.7637900102388,143.14152945556077,139.03614601400025,139.26478576660156,71910000,139.26478576660156,-0.07500333437790241
GOOGL,2024-02-01,141.2727345701597,142.2071331063445,139.950661659156,140.31846618652344,40466500,140.31846618652344,0.007566021906555642
GOOGL,2024-02-02,138.42977891461894,141.7697484679074,135.68623845463344,141.53118896484375,62499600,141.53118896484375,0.008642645628040624
GOOGL,2024-02-05,141.96858202589868,144.6027779128035,141.92881199298876,142.8234405517578,38505400,142.8234405517578,0.009130507532407295
GOOGL,2024-02-06,143.78764525271936,144.49341917465705,142.33635771540355,143.24093627929688,29128200,143.24093627929688,0.0029231597133227982
GOOGL,2024-02-07,143.89698407493145,144.75185765069926,143.07193043582123,144.67233276367188,25208900,144.67233276367188,0.00999292884810532
GOOGL,2024-02-08,144.9606209822742,145.45764017984033,144.23497720081787,145.04014587402344,22563800,145.04014587402344,0.002542387361323506
GOOGL,2024-02-09,145.805548434302,148.54910418597495,145.30852922338417,148.11172485351562,26829500,148.11172485351562,0.02117743994935073
GOOGL,2024-02-12,147.5351757363989,148.44968923327963,146.49143239536673,146.65048217773438,21564100,146.65048217773438,-0.00986581364322403
GOOGL,2024-02-13,144.0560448330256,145.79561205385804,142.83338183337364,144.2747344970703,27837700,144.2747344970703,-0.01620006729868606
GOOGL,2024-02-14,145.2091415857929,145.64652093964963,143.23099956914945,145.06997680664062,22704200,145.06997680664062,0.005511999813012647
GOOGL,2024-02-15,142.28667367741343,142.66441317012772,139.62265771442105,141.91888427734375,37590700,141.91888427734375,-0.02172118999851269
GOOGL,2024-02-16,142.13755757805075,142.33636222630687,139.30454204497832,139.68228149414062,31468900,139.68228149414062,-0.015759726371807337
GOOGL,2024-02-20,138.8274141332904,141.2329853719594,138.6584294162402,140.27870178222656,25144700,140.27870178222656,0.004269834954771623
GOOGL,2024-02-21,140.60673172265933,141.83934482604272,139.84131789092322,141.70018005371094,23223300,141.70018005371094,0.01013324370289026
GOOGL,2024-02-22,144.0659761536674,144.13556612131504,141.94868470338366,143.23098754882812,27191900,143.23098754882812,0.010803144318778823
GOOGL,2024-02-23,142.81351171832603,143.81748515868094,142.57493701416166,143.10179138183594,19493800,143.10179138183594,-0.0009020126803785944
GOOGL,2024-02-26,141.29262579488392,141.59084036580944,136.5709431200029,136.7498779296875,53641800,136.7498779296875,-0.044387379017497675
GOOGL,2024-02-27,137.19717416142294,138.4198370568381,136.2727106298984,138.0520477294922,33099200,138.0520477294922,0.009522273946556803
GOOGL,2024-02-28,137.07788294358988,137.18722776923806,134.60273714964188,135.56695556640625,37328600,135.56695556640625,-0.018001124966689264
GOOGL,2024-02-29,136.4616091584946,138.0321918672381,135.5868503921503,137.63458251953125,42133000,137.63458251953125,0.01525170307532786
GOOGL,2024-03-01,137.60472100585164,138.0421003051008,136.10372856326603,136.32241821289062,31151100,136.32241821289062,-0.009533681743499445
GOOGL,2024-03-04,134.85126493275368,134.85126493275368,131.1236206024663,132.55503845214844,55999400,132.55503845214844,-0.0276358049551233
GOOGL,2024-03-05,131.0938055941811,132.44569859554872,129.8910123045061,131.87908935546875,40194800,131.87908935546875,-0.005099384410979568
GOOGL,2024-03-06,132.32640088378713,132.7836652697634,130.06994439909067,130.6166534423828,35318600,130.6166534423828,-0.009572676906216326
GOOGL,2024-03-07,131.99835532166875,134.1355470286606,130.82539726481338,133.57888793945312,37738200,133.57888793945312,0.022678842391081533
GOOGL,2024-03-08,133.4099095566839,137.26676850108,133.20115480441683,134.60275268554688,39370400,134.60275268554688,0.0076648695155916435
GOOGL,2024-03-11,135.31846111910065,138.27075657412078,135.31846111910065,136.84927368164062,32437800,136.84927368164062,0.01669000782875507
GOOGL,2024-03-12,136.21309386282178,138.54909039502593,136.21309386282178,137.67433166503906,27563400,137.67433166503906,0.006028954054354774
GOOGL,2024-03-13,138.17133561183664,140.24887219766538,138.16140068839562,138.9566192626953,23347200,138.9566192626953,0.00931391917540636
GOOGL,2024-03-14,140.34827040828316,142.73395626802952,139.62262669418192,142.24688720703125,42753400,142.24688720703125,0.0236783822303257
GOOGL,2024-03-15,141.65047109000807,142.326409917111,139.19519504435547,140.3383331298828,49475400,140.3383331298828,-0.013417193969036845
GOOGL,2024-03-18,147.72405471052974,151.24294415086234,146.29263691520018,146.79959106445312,69273700,146.79959106445312,0.046040577727187504
GOOGL,2024-03-19,147.27672583276063,147.90295968023258,145.2091242410213,146.15345764160156,24070400,146.15345764160156,-0.004401466095146467
GOOGL,2024-03-20,147.1176928186544,147.97256650525952,145.86520981318225,147.85328674316406,21311500,147.85328674316406,0.011630440558791477
GOOGL,2024-03-21,148.5789245146502,149.47355302951823,146.0242384832815,146.72007751464844,24755600,146.72007751464844,-0.007664416892430137
GOOGL,2024-03-22,148.23099762452182,150.67633870083418,148.09183285873635,149.8711700439453,29211800,149.8711700439453,0.02147690065786856
GOOGL,2024-03-25,149.04613940027778,149.48351877969938,146.93878257341822,149.1753692626953,19229300,149.1753692626953,-0.004642659298956464
GOOGL,2024-03-26,149.32446001454298,151.3522918172969,149.08588532158586,149.7717742919922,22149100,149.7717742919922,0.003998012756694536
GOOGL,2024-03-27,150.2787305575209,150.73599493347672,148.01232403003652,149.9705810546875,22879200,149.9705810546875,0.001327398060382956
GOOGL,2024-03-28,149.9506874252204,150.52721630616023,149.27473347680987,150.0301971435547,24485400,150.0301971435547,0.0003975185562923311
GOOGL,2024-04-01,149.79166156029507,154.8115589373722,149.71213666144715,154.56304931640625,31730800,154.56304931640625,0.030212932190673225
GOOGL,2024-04-02,152.58488683854392,153.77772982586723,151.24292899791672,153.63856506347656,24586000,153.63856506347656,-0.005981275971316924
GOOGL,2024-04-03,152.6843066227274,154.15547923004883,151.8194828874924,153.99642944335938,24705000,153.99642944335938,0.0023292614047454308
GOOGL,2024-04-04,152.58489413321703,153.847327146,149.5530739849535,149.63259887695312,34724700,149.63259887695312,-0.028337219130209035
GOOGL,2024-04-05,149.13558986403476,152.5053796575924,148.70816060414262,151.5908660888672,23459200,151.5908660888672,0.013087169685025657
GOOGL,2024-04-08,151.8691826360064,154.34434366511644,151.70019793137476,153.92684936523438,20702000,153.92684936523438,0.015409789102977856
GOOGL,2024-04-09,155.15945829450175,157.61473448376785,154.2648297550495,155.6664276123047,31079500,155.6664276123047,0.01130133082203666
GOOGL,2024-04-10,155.27875745454332,155.67636677895277,153.75786462750972,155.20916748046875,22838600,155.20916748046875,-0.002937435764728713
GOOGL,2024-04-11,155.9745599063546,158.7280351932667,155.5272456859533,158.45965576171875,27166400,158.45965576171875,0.020942630735127477
GOOGL,2024-04-12,157.01831260478323,159.26483393218646,156.20319383484278,156.7896728515625,25353700,156.7896728515625,-0.01053885231624796
GOOGL,2024-04-15,157.91295197634344,158.29069144870775,153.66840346176937,153.93679809570312,27136500,153.93679809570312,-0.018195552704292406
GOOGL,2024-04-16,153.270783135314,154.7220707035578,152.51530424483212,153.47952270507812,20779500,153.47952270507812,-0.0029705398337616096
GOOGL,2024-04-17,154.69225154891296,156.14355429233336,153.658458282781,154.54315185546875,21763100,154.54315185546875,0.0069301046266248
GOOGL,2024-04-18,154.41392162833105,156.00438913764984,153.69821276591983,155.07992553710938,19883000,155.07992553710938,0.0034732932206702483
GOOGL,2024-04-19,155.26880853162524,155.42785832971614,151.39206450205657,153.17138671875,32615600,153.17138671875,-0.012306807678358567
GOOGL,2024-04-22,153.39005561181028,156.70020514284732,153.141546023905,155.3483123779297,26446200,155.3483123779297,0.014212351966081727
GOOGL,2024-04-23,156.02427526479107,158.02228700536767,155.34832125977468,157.31651306152344,21151600,157.31651306152344,0.012669598101622936
GOOGL,2024-04-24,156.5511130798954,158.61871477208004,156.23301351133364,158.18133544921875,22779100,158.18133544921875,0.005497340176597421
GOOGL,2024-04-25,150.42781970570854,155.5570610403591,149.97055540795031,155.06997680664062,57109700,155.06997680664062,-0.019669568686736527
GOOGL,2024-04-26,173.33046729734258,173.66845187375665,168.63860493490648,170.92489624023438,64665300,170.92489624023438,0.10224364354786442
GOOGL,2024-04-29,168.05214043619495,168.53922474437482,164.22510144731876,165.15948486328125,45610000,165.15948486328125,-0.03373067062652979
GOOGL,2024-04-30,164.6227008180937,167.09786190634827,161.63065068019893,161.8095703125,33562900,161.8095703125,-0.020282907479121204
GOOGL,2024-05-01,163.32051225770076,166.12369266022054,162.11771911909202,162.8831329345703,33493200,162.8831329345703,0.006634728835859027
GOOGL,2024-05-02,163.80758631850716,165.736023300885,162.91295779802104,165.62667846679688,24294500,165.62667846679688,0.0168436441686608
GOOGL,2024-05-03,166.56108063327446,166.95870511487095,162.0779726740132,166.2429962158203,34662400,166.2429962158203,0.003721126057279367
GOOGL,2024-05-06,166.46168587038568,167.13762473729062,165.04020299654744,167.09786987304688,21871300,167.09786987304688,0.005142313821851152
GOOGL,2024-05-07,167.49547453274693,170.7360343362878,167.3861296993361,170.2290802001953,28039700,170.2290802001953,0.018738780629145024
GOOGL,2024-05-08,167.99249978919846,169.13563795140396,167.7340552499391,168.3702392578125,19569100,168.3702392578125,-0.01091964393038336
GOOGL,2024-05-09,168.38016816108964,169.67242114682458,167.17737499330448,168.94677734375,15346700,168.94677734375,0.0034242279899281414
GOOGL,2024-05-10,167.02827804658122,168.8374352899596,165.1992509552131,167.6445770263672,29799900,167.6445770263672,-0.00770775470154883
GOOGL,2024-05-13,163.2807406306808,168.27081760004594,163.02229610945983,168.13165283203125,31327600,168.13165283203125,0.00290540746562562
GOOGL,2024-05-14,168.75789942088068,170.2290719710712,167.79368098227573,169.32449340820312,25127100,169.32449340820312,0.0070946817929848915
GOOGL,2024-05-15,169.61277032024324,171.6207168877924,169.49347540285436,171.48155212402344,26948400,171.48155212402344,0.012739200764180891
GOOGL,2024-05-16,172.25692317234325,174.0760154282748,171.6605091793349,173.14161682128906,27867900,173.14161682128906,0.009680718868610327
GOOGL,2024-05-17,173.14162445654733,175.2191765187737,172.65455528261845,175.0104217529297,24479300,175.0104217529297,0.010793505143073423
GOOGL,2024-05-20,175.13960594068513,177.70422650800384,175.03026112382122,175.86524963378906,22554400,175.86524963378906,0.004884439865336487
GOOGL,2024-05-21,175.8454004583986,177.0879485542545,174.76190215908986,176.7897491455078,16989400,176.7897491455078,0.0052568629313856086
GOOGL,2024-05-22,175.5869357247415,176.09388982914132,174.16546814708718,175.3284912109375,17880000,175.3284912109375,-0.00826551280056187
GOOGL,2024-05-23,176.014400548295,177.18735867156835,171.9189517055531,172.515380859375,21024900,172.515380859375,-0.0160447987211505
GOOGL,2024-05-24,173.9368425107023,174.72214137466014,172.61476956136175,173.94679260253906,16579400,173.94679260253906,0.00829729926707734
GOOGL,2024-05-28,173.41000150341682,176.21319716341736,173.33047660868388,175.34837341308594,20572200,175.34837341308594,0.008057526037570817
GOOGL,2024-05-29,174.38416483251896,175.78576274218864,173.67840599935957,174.8513641357422,23388700,174.8513641357422,-0.00283441053754685
GOOGL,2024-05-30,174.15552894902925,174.17541396451074,170.7658542810084,171.08395385742188,22931500,171.08395385742188,-0.021546359085855116
GOOGL,2024-05-31,170.835449905074,172.02829302045637,168.42987865816963,171.4716339111328,37638900,171.4716339111328,0.0022660222947268327
GOOGL,2024-06-03,171.5114004117445,173.4895425367046,170.13963756150818,172.1376495361328,27459100,172.1376495361328,0.003884115464515725
GOOGL,2024-06-04,172.24698261492622,172.81359181596935,170.86526976641403,172.75393676757812,26879600,172.75393676757812,0.0035802001079139334
GOOGL,2024-06-05,174.15550310048465,175.59685556860077,172.89307024167852,174.3642578125,22068500,174.3642578125,0.009321472349937743
GOOGL,2024-06-06,174.85135314625543,176.09390117932384,174.7022534494163,175.67640686035156,23251000,175.67640686035156,0.007525332681784791
GOOGL,2024-06-07,175.99450830412644,176.8096119351972,173.2609026023809,173.41995239257812,19661400,173.41995239257812,-0.012844379664294525
GOOGL,2024-06-10,174.12650505567217,176.2064259298625,171.92715235206293,174.1663055419922,23726700,174.1663055419922,0.004303732869932464
GOOGL,2024-06-11,175.37048906065957,175.98749533783135,172.93230292949366,175.7685546875,21540600,175.7685546875,0.00919953569963905
GOOGL,2024-06-12,177.39071152614073,179.54030247436316,175.261028415929,176.93292236328125,27864700,176.93292236328125,0.0066244367648775615
GOOGL,2024-06-13,175.2610147654326,175.88798253947286,174.03694856465734,174.3155975341797,20913300,174.3155975341797,-0.014792751931874126
GOOGL,2024-06-14,173.38014120141796,176.20644680711712,173.31047136056654,175.937744140625,18063600,175.937744140625,0.009305802976852018
GOOGL,2024-06-17,174.61417161020418,177.50018558793673,173.9672959357252,176.38558959960938,19618500,176.38558959960938,0.0025454768740607037
GOOGL,2024-06-18,176.28603090296264,176.53482568605844,173.26069302201802,174.24591064453125,21869900,174.24591064453125,-0.012130690267471045
GOOGL,2024-06-20,174.52457916649684,176.43532149280932,174.14642137972143,175.45010375976562,20160100,175.45010375976562,0.006910883077715146
GOOGL,2024-06-21,176.14672706076468,179.97817324324066,175.75860776109087,178.76405334472656,57759000,178.76405334472656,0.018888273725380822
GOOGL,2024-06-24,179.29148894733464,180.01796551402666,177.80866646743436,178.35601806640625,18298000,178.35601806640625,-0.0022825353905656653
GOOGL,2024-06-25,178.75409335482692,183.401578664655,178.5550605403931,183.1428375244141,23130200,183.1428375244141,0.026838564293499623
GOOGL,2024-06-26,181.74960191456344,183.6205286880091,181.60031590719575,182.9935760498047,19839000,182.9935760498047,-0.0008150003386809823
GOOGL,2024-06-27,183.29210815644677,185.15310369188768,183.1328910161964,184.5161895751953,18848900,184.5161895751953,0.008320584570554734
GOOGL,2024-06-28,183.4314487222165,184.23754149419085,181.08282505826105,181.2718963623047,29156600,181.2718963623047,-0.017582702202770584
GOOGL,2024-07-01,182.1476496079963,182.99355801066488,180.4259938264045,182.10784912109372,16006100,182.10784912109372,0.004611596036476762
GOOGL,2024-07-02,181.17239104652464,184.675426365642,180.68474773241152,184.34701538085935,17372500,184.34701538085935,0.012295825087015766
GOOGL,2024-07-03,183.95886935922263,185.1928817692865,183.11296101955185,184.9241943359375,10242100,184.9241943359375,0.003130937345992235
GOOGL,2024-07-05,184.9640125784332,189.93990873605247,184.90430425417856,189.68116760253903,20967500,189.68116760253903,0.025723909646781618
GOOGL,2024-07-08,188.9845297085476,189.25323235252,186.87475460015816,188.1187286376953,21035900,188.1187286376953,-0.008237185507618094
GOOGL,2024-07-09,189.3925599464582,190.43750119218956,187.81022858919,188.0689697265625,15121400,188.0689697265625,-0.00026450801306787675
GOOGL,2024-07-10,188.2381491527657,190.8256212780861,188.11873250198263,190.25836181640625,15952500,190.25836181640625,0.011641431826988624
GOOGL,2024-07-11,188.9347808834167,189.93990642836116,184.1877717548577,184.6754150390625,25625800,184.6754150390625,-0.02934402842557393
GOOGL,2024-07-12,184.18780277249908,186.2080157133378,183.60065057861112,184.1778564453125,22898400,184.1778564453125,-0.002694232979764788
GOOGL,2024-07-15,184.02854389156028,187.3325462689943,184.02854389156028,185.6307830810547,16474000,185.6307830810547,0.007888715091944887
GOOGL,2024-07-16,186.4567901173401,187.7704188678664,182.48601933178097,183.0333709716797,18290700,183.0333709716797,-0.013992356581509768
GOOGL,2024-07-17,182.0879660715573,182.6651719142087,179.03275819178316,180.1473693847656,20734100,180.1473693847656,-0.01576762516907715
GOOGL,2024-07-18,181.05295487059837,181.62021433579056,175.61928463310315,176.83340454101562,25315700,176.83340454101562,-0.018395854766393382
GOOGL,2024-07-19,178.0176629486904,179.42085410193457,176.27609932136212,176.8035430908203,18881900,176.8035430908203,-0.00016886769936264034
GOOGL,2024-07-22,179.7194093461357,181.8192380802969,179.3611442242096,180.7942047119141,24100300,180.7942047119141,0.022571163175411302
GOOGL,2024-07-23,181.1723915861467,182.7248688386663,180.66484043304783,180.91363525390625,36352700,180.91363525390625,0.000660588331260259
GOOGL,2024-07-24,172.76313091278035,175.34064163083764,170.99171299042794,171.7978057861328,49585200,171.7978057861328,-0.050387741393730034
GOOGL,2024-07-25,171.68833187653044,172.5839871452518,166.3840245463068,166.4735870361328,44852000,166.4735870361328,-0.03099119180036558
GOOGL,2024-07-26,166.3442171128344,167.27968810242183,163.2691166612827,166.1949462890625,41336900,166.1949462890625,-0.0016737835234477139
GOOGL,2024-07-29,168.01611559502874,169.608393293323,167.18016866453198,168.71273803710938,20293800,168.71273803710938,0.015149628820046557
GOOGL,2024-07-30,169.41933887379136,170.40455671676222,167.6280129976191,169.46908569335938,18959700,169.46908569335938,0.004483050094792773
GOOGL,2024-07-31,172.40486009944772,173.40998568320978,169.19042016317357,170.71304321289062,25729100,170.71304321289062,0.007340321182720544
GOOGL,2024-08-01,169.42927737353662,173.21096178514637,168.06588657934952,169.9368133544922,24531400,169.9368133544922,-0.004546986239536643
GOOGL,2024-08-02,165.63762674628265,167.6976397724307,163.87615532883046,165.8565673828125,29130100,165.8565673828125,-0.024010371214671422
GOOGL,2024-08-05,154.75037751729295,163.6373211687644,154.18311804069828,158.4822998046875,53630700,158.4822998046875,-0.04446171589397785
GOOGL,2024-08-06,158.5619267847267,159.7959546386159,155.65600492095376,157.5269317626953,49004600,157.5269317626953,-0.006028231816231688
GOOGL,2024-08-07,160.47264384005365,162.19429958101605,157.70604691611013,158.1737823486328,25138600,158.1737823486328,0.00410628569159166
GOOGL,2024-08-08,159.73620945801972,162.9008872407048,159.43766784333874,161.24888610839844,25578800,161.24888610839844,0.01944129876712286
GOOGL,2024-08-09,159.23862184827473,163.000398092681,158.29320462440444,162.8809814453125,28602300,162.8809814453125,0.010121591387719064
GOOGL,2024-08-12,163.55772680166666,164.1050632777601,161.0598169977751,161.5076446533203,15895300,161.5076446533203,-0.008431535590011752
GOOGL,2024-08-13,162.6222374229294,163.9358660763168,162.1843561433904,163.36862182617188,18551700,163.36862182617188,0.011522533046941508
GOOGL,2024-08-14,161.61710599661225,162.43316027996852,156.94972801568116,159.59689331054688,40591100,159.59689331054688,-0.023087227360210072
GOOGL,2024-08-15,159.7262535454453,160.86075716882624,158.84054470951835,160.52239990234375,31524300,160.52239990234375,0.005799026363226378
GOOGL,2024-08-16,160.69158549485795,164.2642751529689,160.35322821372176,162.17440795898438,24208600,162.17440795898438,0.01029144878001853
GOOGL,2024-08-19,164.4832478901569,165.88645447046704,163.46816066341842,165.86654663085938,22416200,165.86654663085938,0.022766469249628996
GOOGL,2024-08-20,166.09540498956204,167.82702229118038,166.01580401532578,166.37405395507812,18341500,166.37405395507812,0.0030597328667378854
GOOGL,2024-08-21,164.35385368177072,166.04567062308269,163.87617187439943,165.0504913330078,22902000,165.0504913330078,-0.007955342738884541
GOOGL,2024-08-22,166.45367234576213,166.78208331350032,162.52271742896883,163.01036071777344,22493300,163.01036071777344,-0.012360645513730617
GOOGL,2024-08-23,163.92593892372628,165.37889222824714,163.04022993569524,164.82159423828125,13955700,164.82159423828125,0.011111155834098607
GOOGL,2024-08-26,165.57793418764655,166.74229212809584,163.6671917839428,165.35899353027344,14190400,165.35899353027344,0.003260490802044158
GOOGL,2024-08-27,165.04050458406155,165.63761814089003,163.6671676997218,163.88609313964844,11821900,163.88609313964844,-0.008907289281216757
GOOGL,2024-08-28,164.24437113378522,164.80168425036075,160.75129755216656,162.06494140625,16407400,162.06494140625,-0.011112301834217408
GOOGL,2024-08-29,163.51789374193322,165.1698948767712,159.4774685746095,161.00009155273438,19699800,161.00009155273438,-0.006570513303345238
GOOGL,2024-08-30,161.83604601344155,162.8710409450861,160.91053659277384,162.59239196777344,22123800,162.59239196777344,0.009890059065696288
GOOGL,2024-09-03,160.94037643790392,161.06975458915718,155.72563212525952,156.6013946533203,38945300,156.6013946533203,-0.03684672598728089
GOOGL,2024-09-04,155.9047798396124,158.23349556383252,155.2081574244905,155.69578552246094,19353800,155.69578552246094,-0.005782893140027223
GOOGL,2024-09-05,155.54652368100116,158.6813323223821,155.22805902416937,156.48199462890625,18688700,156.48199462890625,0.005049649249060151
GOOGL,2024-09-06,156.5417079408381,157.06915175843542,149.82424762233464,150.1924591064453,37912100,150.1924591064453,-0.040193349639851106
GOOGL,2024-09-09,151.97618615473306,152.86307041013015,146.70470865576445,148.1894989013672,39260500,148.1894989013672,-0.013335957191156766
GOOGL,2024-09-10,149.9234070877786,150.7405443053094,147.82079168812507,148.13967895507812,31118800,148.13967895507812,-0.00033619080068703067
GOOGL,2024-09-11,149.39525512685503,150.96972670859367,147.00366157798018,150.63092041015625,29607700,150.63092041015625,0.016816841191032772
GOOGL,2024-09-12,153.26167533883327,154.27810941261885,152.11569142274135,154.1485595703125,29621500,154.1485595703125,0.023352703087639703
GOOGL,2024-09-13,154.88596580869884,157.82565255748864,154.66674982863708,156.90887451171875,29591200,156.90887451171875,0.017906848750975035
GOOGL,2024-09-16,156.75938477605305,157.69609704284937,156.05187841649794,157.5067596435547,18379800,157.5067596435547,0.0038103971728589148
GOOGL,2024-09-17,158.46340663018495,159.98805014794013,157.82564734959053,158.76235961914062,20715600,158.76235961914062,0.00797172120375933
GOOGL,2024-09-18,159.3004536398648,159.9382128836467,158.04486940518223,159.25062561035156,23677300,159.25062561035156,0.0030754518412441367
GOOGL,2024-09-19,163.13699125474798,163.21669785914025,160.7752763557002,161.57247924804688,26587700,161.57247924804688,0.014579871374422959
GOOGL,2024-09-20,162.9277289392049,163.15691965207134,161.49276669183348,163.0174102783203,40896400,163.0174102783203,0.008942927885974727
GOOGL,2024-09-23,163.77475794889105,164.91076718021387,161.10413041931915,161.28350830078125,24150900,161.28350830078125,-0.010636299365685886
GOOGL,2024-09-24,162.45936971037105,162.6487071151764,160.1275637051896,161.72195434570312,23332100,161.72195434570312,0.0027184803303275107
GOOGL,2024-09-25,160.90482465753527,162.24013074634445,160.73542151540698,160.9247589111328,18869200,160.9247589111328,-0.004929419989979866
GOOGL,2024-09-26,163.06723415838286,163.5056965233955,161.71199375988056,162.16041564941406,20319300,162.16041564941406,0.007678475000628238
GOOGL,2024-09-27,162.24013520895764,165.1200191151141,162.06077253778713,163.3761444091797,21101300,163.3761444091797,0.007497074763264111
GOOGL,2024-09-30,162.74835741182983,165.56843851321895,162.6885546502899,165.26950073242188,20413900,165.26950073242188,0.01158893992809773
GOOGL,2024-10-01,167.10304911832094,168.56790499887933,164.00393422069206,166.40550231933594,28338100,166.40550231933594,0.006873631141134151
GOOGL,2024-10-02,165.83750220141695,166.93365811188724,164.1534150323221,165.2794647216797,17760200,165.2794647216797,-0.0067668291129902025
GOOGL,2024-10-03,163.83454298906406,166.05673338351102,163.3462525916035,165.2794647216797,15073100,165.2794647216797,0.0
GOOGL,2024-10-04,167.47176537085613,167.64116852375787,164.90079388696014,166.4752655029297,19047400,166.4752655029297,0.007235023318012734
GOOGL,2024-10-07,167.13294509267786,167.89027945505126,162.18033994669256,162.40953063964844,22463100,162.40953063964844,-0.024422456098799228
GOOGL,2024-10-08,163.3661793794842,164.15340752983812,162.29991729663377,163.8046417236328,23072700,163.8046417236328,0.008590081373240466
GOOGL,2024-10-09,162.87788805212205,164.263022155559,159.18088233675397,161.29345703125,31181800,161.29345703125,-0.015330363449771012
GOOGL,2024-10-10,160.3069086751828,162.49922027250668,159.83855257987992,161.51268005371094,14144100,161.51268005371094,0.001359156325965838
GOOGL,2024-10-11,161.56252470079164,163.32631847818766,160.6756404471478,162.66864013671875,15344300,162.66864013671875,0.007157085639489136
GOOGL,2024-10-14,163.0672270976598,165.64815793723565,162.82806167108657,164.3826141357422,19016100,164.3826141357422,0.010536597573957085
GOOGL,2024-10-15,165.20970620906303,167.0930903489021,164.05377791978614,164.88087463378906,20247200,164.88087463378906,0.0030311021677476013
GOOGL,2024-10-16,163.95410944544955,165.21966843790153,163.16688130069323,164.5819091796875,16406000,164.5819091796875,-0.0018132209376350295
GOOGL,2024-10-17,165.1499132702941,165.7876725559894,162.19030754618507,162.35971069335938,21453400,162.35971069335938,-0.01350208232122263
GOOGL,2024-10-18,162.61880125185925,164.13348517236508,162.50918566803227,162.84799194335938,19757700,162.84799194335938,0.0030074040407856995
GOOGL,2024-10-21,162.37965259131107,163.9242304481603,162.05080580588782,163.49574279785156,20946500,163.49574279785156,0.003977641030523005
GOOGL,2024-10-22,162.4095379206084,165.18978095934807,162.4095379206084,164.56198120117188,16568100,164.56198120117188,0.006521505606654321
GOOGL,2024-10-23,164.18330093451087,165.2396034909156,161.3632046868505,162.21023559570312,18280500,162.21023559570312,-0.014290941250845846
GOOGL,2024-10-24,162.26006724839118,162.75831715757175,160.44643028039124,162.15045166015625,22412500,162.15045166015625,-0.00036855834237170537
GOOGL,2024-10-25,163.09713764873345,165.01041564194605,162.8480126724498,164.69154357910156,19828900,164.69154357910156,0.015671198525373686
GOOGL,2024-10-28,168.1593374233331,168.1593374233331,163.37613545110457,166.13644409179688,32138600,166.13644409179688,0.008773374037880144
GOOGL,2024-10-29,167.14290330541456,169.78363683716654,166.50514405647678,169.08607482910156,42169000,169.08607482910156,0.017754266701861532
GOOGL,2024-10-30,180.04756432112097,181.38288551840023,173.45074095946555,173.84934997558594,68890800,173.84934997558594,0.028170712173067436
GOOGL,2024-10-31,172.5240116929841,176.20109831225162,170.40146229689762,170.51107788085938,44769000,170.51107788085938,-0.019202097075400992
GOOGL,2024-11-01,169.4747443229776,171.7168690851631,168.28890701589395,170.69046020507812,31796500,170.69046020507812,0.0010520273899394805
GOOGL,2024-11-04,169.33520086207452,170.13240372971748,167.42192310295937,168.6476287841797,21492700,168.6476287841797,-0.011968046828417123
GOOGL,2024-11-05,168.83694632662065,169.93310214015253,168.2490151199897,169.1458740234375,18242100,169.1458740234375,0.00295435662422161
GOOGL,2024-11-06,173.19167534337777,176.32068423475533,172.8927223501112,175.89218139648438,33695500,175.89218139648438,0.03988455179292205
GOOGL,2024-11-07,176.78903438230748,180.44618684879632,176.56980320837033,180.11734008789062,25352900,180.11734008789062,0.02402129905866701
GOOGL,2024-11-08,180.01769126784052,180.2668162295759,177.4566945679988,177.7257537841797,22006200,177.7257537841797,-0.013277934831504412
GOOGL,2024-11-11,177.95494104754144,179.91804692445518,177.84532545828398,179.71875,17450400,179.71875,0.011213885288906988
GOOGL,2024-11-12,179.19061113228446,181.8512639191168,178.76210828805725,180.9842987060547,25134900,180.9842987060547,0.00704182900256467
GOOGL,2024-11-13,179.82836251665194,180.32661242196693,177.91506949950764,178.25389099121094,23184000,178.25389099121094,-0.015086434206529331
GOOGL,2024-11-14,177.65598529451515,178.19410370809177,173.70985455339545,174.96543884277344,31007500,174.96543884277344,-0.01844813670069978
GOOGL,2024-11-15,173.1219110429033,173.5304796221041,170.6207019459313,171.88626098632812,32504600,171.88626098632812,-0.01759877766038298
GOOGL,2024-11-18,172.81299215078764,174.82592598867913,172.2948080013009,174.68641662597656,20135300,174.68641662597656,0.016290747285911067
GOOGL,2024-11-19,173.11194329745103,178.2439110911755,172.95249968308408,177.4965362548828,23434900,177.4965362548828,0.016086652203319396
GOOGL,2024-11-20,176.7192692543919,177.05807553397884,173.17173243194026,175.36402893066406,18997100,175.36402893066406,-0.012014360219156583
GOOGL,2024-11-21,173.29131700765447,173.52052291993735,163.12702162713185,167.04327392578125,59734400,167.04327392578125,-0.04744847079313341
GOOGL,2024-11-22,165.26950018604143,165.87736568062007,163.32631338500155,164.1833038330078,38604600,164.1833038330078,-0.017121132899036384
GOOGL,2024-11-25,165.50864937866604,168.03976740473334,165.03033372857172,167.0631866455078,33135300,167.0631866455078,0.017540655750411416
GOOGL,2024-11-26,167.0432706454683,169.2256076965816,166.9934426131079,168.52804565429688,20486700,168.52804565429688,0.008768293232053193
GOOGL,2024-11-27,168.40847408769383,168.88678975659008,167.4319084954612,168.63766479492188,19266500,168.63766479492188,0.0006504504351154683
GOOGL,2024-11-29,167.9102206974572,168.8369582371453,166.57491457977767,168.358642578125,14257200,168.358642578125,-0.0016545664169163032
GOOGL,2024-12-02,168.17928960806435,171.4777017898288,167.9799926724261,170.8897705078125,23789100,170.8897705078125,0.015034143129972977
GOOGL,2024-12-03,170.8897642516595,172.07558629717838,170.25200495773618,170.7402801513672,22248700,170.7402801513672,-0.0008747765065227897
GOOGL,2024-12-04,170.55094333710875,174.2977925065685,170.46126199985193,173.75967407226562,31615100,173.75967407226562,0.01768413357540255
GOOGL,2024-12-05,174.7462169331928,175.4437637976109,171.7268235586979,172.03573608398438,21356200,172.03573608398438,-0.009921392851855115
GOOGL,2024-12-06,171.4278679786075,174.4671955621755,171.2584648287537,174.09849548339844,21462400,174.09849548339844,0.011990296006912482
GOOGL,2024-12-09,173.5497879362236,175.84435207924628,173.2405061666339,174.95645141601562,25389600,174.95645141601562,0.004927991653431496
GOOGL,2024-12-10,182.41883132056967,185.9205489826197,180.6230728184386,184.7333526611328,54813000,184.7333526611328,0.05588191327606107
GOOGL,2024-12-11,184.87300649613107,195.14872046831275,184.41409977559144,194.939208984375,67894100,194.939208984375,0.05524641964336241
GOOGL,2024-12-12,194.540179555465,194.71974779887603,191.25794424971855,191.50735473632807,34817500,191.50735473632807,-0.01760474081087504
GOOGL,2024-12-13,190.55957180826204,192.27551707580216,189.19280729112407,189.3723907470703,25143500,189.3723907470703,-0.011148208862250875
GOOGL,2024-12-16,192.41518724155435,198.53073692361528,192.16577676803223,196.19625854492188,44934900,196.19625854492188,0.036034121821726606
GOOGL,2024-12-17,196.7848538831557,200.94501854915788,194.52020263311584,194.95916748046875,43504000,194.95916748046875,-0.00630537541147802
GOOGL,2024-12-18,194.75965954890503,196.53546097337795,187.29730214590612,187.9557342529297,34166100,187.9557342529297,-0.035922564288959014
GOOGL,2024-12-19,191.17811313755365,192.5748056424547,187.93577711571297,188.06546020507807,32265200,188.06546020507807,0.0005837861376483122
GOOGL,2024-12-20,185.3419048401402,192.43513912367908,184.78322783024907,190.9586334228516,63462900,190.9586334228516,0.01538386269663028
GOOGL,2024-12-23,192.1657659299832,194.63992864820244,189.70158937273823,194.1710357666016,25675000,194.1710357666016,0.016822503838496594
GOOGL,2024-12-24,194.3805430221512,195.6475524902344,193.32304504989557,195.6475524902344,10403300,195.6475524902344,0.007604206867432239
GOOGL,2024-12-26,194.68979716689705,196.28603018509784,193.9216239176986,195.1387481689453,12046600,195.1387481689453,-0.0026006168480665615
GOOGL,2024-12-27,194.49027324116943,194.85941107267635,190.20041029392212,192.3054351806641,18891400,192.3054351806641,-0.01451947916478491
GOOGL,2024-12-30,189.352440433381,192.0959557274761,188.67403600843565,190.7890472412109,14264700,190.7890472412109,-0.007885309835515497
GOOGL,2024-12-31,190.6294084710406,191.50733817930225,188.06546158341584,188.8536071777344,17466900,188.8536071777344,-0.010144398179364855
GOOGL,2025-01-02,190.20041592197336,191.5472385320244,187.05785012893008,188.98329162597656,20370800,188.98329162597656,0.0006866929903017738
GOOGL,2025-01-03,190.91871503010495,192.75438759446627,189.5319934742947,191.3377227783203,18596200,191.3377227783203,0.01245840905874096
GOOGL,2025-01-06,193.52257715244397,197.75258441221385,193.39289405316484,196.40576171875,29563600,196.40576171875,0.026487400742724487
GOOGL,2025-01-07,196.6451972376325,200.52602365365917,194.1411215269442,195.02902221679688,26487200,195.02902221679688,-0.00700966962427807
GOOGL,2025-01-08,192.1159097803505,195.82712367795403,191.9263553819348,193.49264526367188,24864800,193.49264526367188,-0.007877683719385797
GOOGL,2025-01-10,193.841807932761,196.05657398255568,189.86121160590176,191.58712768554688,26665200,191.58712768554688,-0.009848010375424598
GOOGL,2025-01-13,189.62179973101152,190.72916760562472,186.9181835340065,190.5595703125,21823700,190.5595703125,-0.005363394636477947
GOOGL,2025-01-14,190.78904460131216,191.5272898730932,187.86594588528064,189.2127685546875,17174900,189.2127685546875,-0.007067615421276763
GOOGL,2025-01-15,192.63466153374213,195.8969546519061,191.40756631826648,195.0888671875,21776000,195.0888671875,0.031055507922099546
GOOGL,2025-01-16,193.68218859975207,195.01902502838223,192.3553231094348,192.45509338378903,17815400,192.45509338378903,-0.013500379809882501
GOOGL,2025-01-17,196.06656026544184,196.76490654687785,193.29311701716207,195.53781127929688,27735100,195.53781127929688,0.016017855601048625
GOOGL,2025-01-21,198.60057627447708,201.8129691217348,197.40339384073823,197.58297729492188,29971300,197.58297729492188,0.010459184350303463
GOOGL,2025-01-22,198.590597036243,200.00724672789292,197.0642061251015,197.9022216796875,26200600,197.9022216796875,0.0016157484269967437
GOOGL,2025-01-23,197.6727641738203,199.82767431730463,194.73969457121223,197.5131378173828,26951400,197.5131378173828,-0.0019660409014227165
GOOGL,2025-01-24,197.63285957708695,200.42624462128623,197.5330893014484,199.7378845214844,23877500,199.7378845214844,0.011263790999860301
GOOGL,2025-01-27,191.956287781501,196.4157484351776,190.2802414199516,191.35769653320312,41728900,191.35769653320312,-0.04195592643007029
GOOGL,2025-01-28,192.2954724407757,195.01903051179215,190.23034644146827,194.83946228027344,24157900,194.83946228027344,0.018195065106598296
GOOGL,2025-01-29,195.09884368413952,196.32593893457488,192.97386160771163,194.9492034912109,18218300,194.9492034912109,0.0005632391387921931
GOOGL,2025-01-30,197.53310428817028,200.9250807979349,197.20388062095304,200.39633178710935,24354700,200.39633178710935,0.027941269819776515
GOOGL,2025-01-31,201.5236538524104,204.99544323065024,201.3241285268208,203.5388946533203,32001100,203.5388946533203,0.01568173847388321
GOOGL,2025-02-03,200.2167427524067,203.26952433872827,199.62813772190552,200.7554626464844,27838300,200.7554626464844,-0.013675184841584254
GOOGL,2025-02-04,202.9103862906213,206.5617593135444,202.33175215943615,205.89334106445312,43856400,205.89334106445312,0.025592720368541766
GOOGL,2025-02-05,190.619448537642,192.29547965256887,187.58660858281107,190.8788299560547,70373900,190.8788299560547,-0.07292373337949898
GOOGL,2025-02-06,189.0531392886888,191.64701430736628,188.274979827647,191.148193359375,29297400,191.148193359375,0.0014111748452267925
GOOGL,2025-02-07,190.59948056645624,190.7291636568626,182.807900068601,184.90293884277344,49315000,184.90293884277344,-0.03267231778047697
GOOGL,2025-02-10,186.90821845084508,187.7562049430344,185.4217265205732,186.03028869628903,23105600,186.03028869628903,0.006096981803378476
GOOGL,2025-02-11,184.59368617808016,186.49918592908517,183.8454547261701,184.8830108642578,21239500,184.8830108642578,-0.0061671561124342356
GOOGL,2025-02-12,182.7879375067085,184.67347995852103,181.40121597043165,183.1770172119141,22072600,183.1770172119141,-0.009227422489329062
GOOGL,2025-02-13,183.8853646978078,185.84073432237412,182.70813932469304,185.70106506347656,21402500,185.70106506347656,0.013779282412063942
GOOGL,2025-02-14,184.62360034222,185.96043678235037,183.88535510775145,184.79319763183597,20448400,184.79319763183597,-0.0048888649687079955
GOOGL,2025-02-18,185.16234115126528,185.52149284111707,181.31144284116837,183.33665466308597,29916700,183.33665466308597,-0.007882016153277882
GOOGL,2025-02-19,183.63594741741645,185.02266901610756,183.1570683565281,184.83311462402344,19549400,184.83311462402344,0.008162361005700003
GOOGL,2025-02-20,184.36422591283684,184.8730178009315,182.2891289369332,184.12478637695312,20441500,184.12478637695312,-0.003832258351059825
GOOGL,2025-02-21,184.713387549238,184.90294194163184,178.65770926804197,179.23634338378906,35199200,179.23634338378906,-0.02654961936062261
GOOGL,2025-02-24,181.56086065766053,182.68818568914216,178.46816457980125,178.8273162841797,29854200,178.8273162841797,-0.0022820544756012584
GOOGL,2025-02-25,177.620149186563,178.3185106633885,174.27805810561316,175.00633239746094,41913400,175.00633239746094,-0.02136689162547578
GOOGL,2025-02-26,174.6571711800562,175.66478399830825,171.1753955398117,172.3226776123047,35431300,172.3226776123047,-0.015334615315869438
GOOGL,2025-02-27,173.5797206760448,174.14836864650957,167.54398410119538,168.1026611328125,39991000,168.1026611328125,-0.024489037298889182
GOOGL,2025-02-28,168.28223059503162,170.20768740317763,166.37674611034126,169.8784637451172,48130600,169.8784637451172,0.010563798338098174
GOOGL,2025-03-03,171.52456139173032,172.96116813684316,165.53871010229818,166.6161651611328,40770500,166.6161651611328,-0.019203720778162126
GOOGL,2025-03-04,165.84799570787212,172.88135895735127,165.40903083418053,170.51695251464844,45388000,170.51695251464844,0.023411818113465932
GOOGL,2025-03-05,170.11790989089675,173.37021717369865,168.66134594316833,172.6120147705078,30954900,172.6120147705078,0.012286533537944733
GOOGL,2025-03-06,170.12787268446783,174.39777881609385,170.0979446451701,171.94358825683594,28302000,171.94358825683594,-0.0038724217115509996
GOOGL,2025-03-07,170.85613731453174,174.55739526661597,169.86848162814977,173.45001220703125,27385800,173.45001220703125,0.008761152221303803
GOOGL,2025-03-10,168.05654311824674,168.25631348073628,163.49207685373173,165.66943359375,43604000,165.66943359375,-0.04485775765754507
GOOGL,2025-03-11,164.71060268982163,166.5483741956788,161.17487454711969,163.84164428710938,39587400,163.84164428710938,-0.011032749174012868
GOOGL,2025-03-12,166.37858578107983,167.43730167009207,163.33227056435828,166.90794372558594,28372400,166.90794372558594,0.01871501871101411
GOOGL,2025-03-13,165.8392348472833,165.92913761122173,161.91399391340872,162.56320190429688,31756200,162.56320190429688,-0.026030767166074886
GOOGL,2025-03-14,163.07258484755664,166.28869257421587,162.25356904272374,165.28990173339844,31995900,165.28990173339844,0.016773167587501137
GOOGL,2025-03-17,164.83044981365524,166.0989184378049,163.47209367229158,164.09133911132812,31184300,164.09133911132812,-0.007251275543762592
GOOGL,2025-03-18,163.48207822407835,164.05139632119491,156.5305024761992,160.47572326660156,42074800,160.47572326660156,-0.022034166241239217
GOOGL,2025-03-19,161.56440408660148,165.6694351323274,160.8053285192439,163.69183349609375,34275600,163.69183349609375,0.02004110132066028
GOOGL,2025-03-20,161.37464096618422,164.6906185813501,160.76537795311089,162.6031494140625,28138500,162.6031494140625,-0.00665081488049446
GOOGL,2025-03-21,161.01508017617863,164.04141524263727,160.69545978774022,163.79171752929688,36625800,163.79171752929688,0.007309625425567345
GOOGL,2025-03-24,166.86800133324036,168.11648994593173,164.94032699026835,167.4772491455078,30879100,167.4772491455078,0.022501330786470986
GOOGL,2025-03-25,168.775668441695,170.42368243836484,168.1164780833655,170.353759765625,24174400,170.353759765625,0.017175530615612278
GOOGL,2025-03-26,168.79565092149923,169.40491393976436,164.64067739498103,164.86041259765625,28901600,164.86041259765625,-0.03224670342190605
GOOGL,2025-03-27,164.43094810403895,165.21998619662182,161.8041232023028,162.04383850097656,24508300,162.04383850097656,-0.01708459934255757
GOOGL,2025-03-28,160.29595772818402,161.62435145983125,153.44425151462127,154.14340209960938,48669300,154.14340209960938,-0.04875493245810503
GOOGL,2025-03-31,152.9248693898488,155.3519238675497,150.47783482762614,154.45301818847656,54603500,154.45301818847656,0.0020086236883958275
GOOGL,2025-04-01,153.43424066067087,157.9088345005831,153.43424066067087,156.8800811767578,30672900,156.8800811767578,0.015713923992858092
GOOGL,2025-04-02,154.9623987635517,158.21846678254826,154.51294591611935,156.85011291503906,25041700,156.85011291503906,-0.0001910265566792413
GOOGL,2025-04-03,150.92729334389097,152.59527231622977,150.20816267744866,150.5377655029297,46883400,150.5377655029297,-0.04024445564491608
GOOGL,2025-04-04,147.83102450056057,150.8873372265073,145.20421499461688,145.4239501953125,62259500,145.4239501953125,-0.033970314960717674
GOOGL,2025-04-07,141.37884623013926,152.66518575265,140.3600753076292,146.5725555419922,76794100,146.5725555419922,0.00789832311071903
GOOGL,2025-04-08,151.0371605852081,152.0559315669147,142.85706070456766,144.52503967285156,52200200,144.52503967285156,-0.013969299106298405
GOOGL,2025-04-09,144.24536764564118,159.3570775505851,143.73598981661124,158.51809692382812,70406200,158.51809692382812,0.0968209888241609
GOOGL,2025-04-10,156.35071129003578,157.5292924054746,149.74870323215254,152.63522338867188,48022000,152.63522338867188,-0.037111684087294594
GOOGL,2025-04-11,152.71511816628092,157.47935489094493,152.63522830805417,156.9499969482422,33636200,156.9499969482422,0.028268531101652172
GOOGL,2025-04-14,159.80653847762434,161.52445998548595,157.3694863273863,158.87767028808594,30333000,158.87767028808594,0.012282085870185977
GOOGL,2025-04-15,158.93759983361085,159.4569601254283,155.02234135810752,156.12100219726562,27551500,156.12100219726562,-0.017350884399436217
GOOGL,2025-04-16,152.91488990871326,155.70150975970526,151.326800825977,153.1446075439453,28187400,153.1446075439453,-0.019064665300825512
GOOGL,2025-04-17,154.10343899442373,154.49296683009544,148.32044647401452,150.97723388671875,33046600,150.97723388671875,-0.014152464732423709
GOOGL,2025-04-21,148.69998342759925,148.76989086061988,145.9233461435289,147.49143981933594,26049100,147.49143981933594,-0.023088209908510238
GOOGL,2025-04-22,148.70996777577147,152.0059806006662,148.360384885124,151.28684997558594,26971800,151.28684997558594,0.025733087702574764
GOOGL,2025-04-23,155.42185055428513,157.3395272287139,153.62402390940207,155.16217041015625,31128800,155.16217041015625,0.025615712371535926
GOOGL,2025-04-24,155.96118216578617,159.39702506290834,155.60161685700967,159.08740234375,45894000,159.08740234375,0.02529760909645562
GOOGL,2025-04-25,164.8704156189098,165.89916899199292,160.84527440652565,161.76417541503906,56034000,161.76417541503906,0.016825801615046654
GOOGL,2025-04-28,162.2335934576757,162.9527241022343,158.40823784275827,160.41580200195312,29745800,160.41580200195312,-0.008335426614863306
GOOGL,2025-04-29,160.12616457196697,160.54565492156792,157.32954700095436,159.9663543701172,26809000,159.9663543701172,-0.002801766573036657
GOOGL,2025-04-30,157.78897065630795,159.07741935833295,155.2120884925965,158.6079864501953,34981100,158.6079864501953,-0.008491585154081771
GOOGL,2025-05-01,160.255986901565,161.7541731584952,158.7178557168657,161.10496520996094,30203200,161.10496520996094,0.015743083407402825
GOOGL,2025-05-02,163.21241957712974,164.77053089446972,161.6742731041275,163.8316650390625,25715000,163.8316650390625,0.01692498940394538
GOOGL,2025-05-05,162.80291566353057,165.19002528971967,162.52325543253818,164.01145935058594,21341800,164.01145935058594,0.0010974332189115366
GOOGL,2025-05-06,161.97390744721895,164.60073221310822,160.99509669884785,163.03262329101562,21277200,163.03262329101562,-0.005968095543116836
GOOGL,2025-05-07,163.88160091924024,164.8004866523399,147.6612323828153,151.19696044921875,127490100,151.19696044921875,-0.07259689872418995
GOOGL,2025-05-08,154.81259075606965,155.74145898524296,152.715123752916,154.0934600830078,57498700,154.0934600830078,0.019157128722583572
GOOGL,2025-05-09,153.98358884442797,154.86252969975314,152.01596958260927,152.5653076171875,32435300,152.5653076171875,-0.00991704946463734
GOOGL,2025-05-12,157.2995737723926,158.90762762310243,156.06106765297667,158.26840209960938,44138800,158.26840209960938,0.037381332437200765
GOOGL,2025-05-13,158.59798647987657,160.37584814800852,155.97117700529293,159.33709716796875,42382100,159.33709716796875,0.006752422177654704
GOOGL,2025-05-14,159.7665968345665,166.7980779664445,159.4170139283214,165.1700439453125,48755900,165.1700439453125,0.03660758781864093
GOOGL,2025-05-15,165.63946564247587,166.00902860866202,162.1736602838883,163.76174926757812,33146700,163.76174926757812,-0.008526332282145943
GOOGL,2025-05-16,167.52719070383273,169.14524229932235,165.4197413290067,165.9890594482422,42846900,165.9890594482422,0.01360091835013777
GOOGL,2025-05-19,164.311078821177,166.43850822896752,164.02143617765117,166.338623046875,30426100,166.338623046875,0.0021059436073365134
GOOGL,2025-05-20,166.22875761227516,168.2962620339302,162.7030270512069,163.78172302246094,46607700,163.78172302246094,-0.01537165558773157
GOOGL,2025-05-21,163.49207927319333,172.93064990762463,163.36223158372133,168.35618591308594,73416000,168.35618591308594,0.027930240360199754
GOOGL,2025-05-22,171.6422171391164,176.55626639163424,170.50359615670786,170.66339111328125,74864400,170.66339111328125,0.01370430903790143
GOOGL,2025-05-23,168.85557933287677,169.7545002456487,167.68699586257836,168.26629638671875,35211400,168.26629638671875,-0.014045746489189215
GOOGL,2025-05-27,169.9542560308247,172.9606110264557,169.79444583588602,172.69093322753906,37995700,172.69093322753906,0.026295443210156533
GOOGL,2025-05-28,172.95063181853965,175.0580811773991,171.70214322301487,172.15159606933594,34784000,172.15159606933594,-0.003123135350091011
GOOGL,2025-05-29,173.78960291012612,174.20909322624098,170.42368271917738,171.65219116210938,29317300,171.65219116210938,-0.002900960076056558
GOOGL,2025-05-30,171.14282080509608,172.0017815585655,167.23754486546525,171.5323486328125,52639900,171.5323486328125,-0.000698170693222866
GOOGL,2025-06-02,167.637058963566,169.66460324672883,167.18760611208933,168.82562255859375,38612300,168.82562255859375,-0.015779682933234063
GOOGL,2025-06-03,167.28749382619188,168.276287066322,165.08015922486254,165.97906494140625,45084900,165.97906494140625,-0.01686093363108765
GOOGL,2025-06-04,166.53838821108508,168.01659436979696,166.15884281939125,167.8468017578125,26900800,167.8468017578125,0.011252845755370444
GOOGL,2025-06-05,170.1340365467451,170.72331951416996,167.3873615992156,168.00662231445312,36379100,168.00662231445312,0.0009521811256865131
GOOGL,2025-06-06,170.6234412090639,174.2890017669552,170.6234412090639,173.46998596191406,35731800,173.46998596191406,0.0325187398698803
GOOGL,2025-06-09,174.5399932861328,176.47000122070312,174.3699951171875,176.08999633789062,28935900,176.08999633789062,0.0151035371418764
GOOGL,2025-06-10,176.1999969482422,181.1100006103516,174.91000366210938,178.60000610351562,61766100,178.60000610351562,0.014254130375519258
GOOGL,2025-06-11,179.77000427246094,180.3699951171875,176.75,177.35000610351562,31646800,177.35000610351562,-0.006998879939990044
GOOGL,2025-06-12,176.17999267578125,176.72000122070312,174.75,175.6999969482422,20941900,175.6999969482422,-0.009303688178676217
GOOGL,2025-06-13,172.44000244140625,177.1300048828125,172.38999938964844,174.6699981689453,27663100,174.6699981689453,-0.005862258378981577
GOOGL,2025-06-16,174.72999572753906,176.94000244140625,174.64999389648438,176.77000427246094,27389200,176.77000427246094,0.01202270639222447
GOOGL,2025-06-17,175.6999969482422,177.36000061035156,174.5800018310547,175.9499969482422,24973000,175.9499969482422,-0.004638837497310089
GOOGL,2025-06-18,176.00999450683594,176.55999755859375,173.1999969482422,173.32000732421875,28707500,173.32000732421875,-0.014947369534749622
GOOGL,2025-06-20,173.9499969482422,174.33999633789062,165.4600067138672,166.63999938964844,75659900,166.63999938964844,-0.0385414704147482
GOOGL,2025-06-23,166.27000427246094,167.33999633789062,162.0,165.19000244140625,57671000,165.19000244140625,-0.008701373941149115
GOOGL,2025-06-24,166.9199981689453,168.22000122070312,166.1300048828125,166.77000427246094,40524300,166.77000427246094,0.009564754571724787
GOOGL,2025-06-25,167.6300048828125,172.36000061035156,167.5500030517578,170.67999267578125,35479000,170.67999267578125,0.02344539367482623
GOOGL,2025-06-26,172.42999267578125,173.69000244140625,169.94000244140625,173.5399932861328,31796700,173.5399932861328,0.01675650769322634
GOOGL,2025-06-27,173.5399932861328,178.67999267578125,171.72999572753906,178.52999877929688,108140200,178.52999877929688,0.028754210477215603
GOOGL,2025-06-30,180.77999877929688,181.22999572753903,174.5800018310547,176.22999572753906,63378900,176.22999572753906,-0.01288300603531134
GOOGL,2025-07-01,175.74000549316406,176.08999633789062,173.52999877929688,175.83999633789062,35904500,175.83999633789062,-0.002213013670223307
GOOGL,2025-07-02,175.5399932861328,178.86000061035156,175.07000732421875,178.63999938964844,29128900,178.63999938964844,0.015923584565922022
GOOGL,2025-07-03,178.5,179.6699981689453,177.0500030517578,179.52999877929688,21689700,179.52999877929688,0.004982083479003974
GOOGL,2025-07-07,179.05999755859375,179.3000030517578,175.67999267578125,176.7899932861328,34175600,176.7899932861328,-0.015262103892355383
GOOGL,2025-07-08,177.85000610351562,177.9499969482422,172.80999755859375,174.36000061035156,40442500,174.36000061035156,-0.01374508042346223
GOOGL,2025-07-09,175.25,179.44000244140625,172.77000427246094,176.6199951171875,43025600,176.6199951171875,0.012961656910557284
GOOGL,2025-07-10,175.6300048828125,178.42999267578125,174.3800048828125,177.6199951171875,29252400,177.6199951171875,0.0056618731040984915
GOOGL,2025-07-11,176.7899932861328,181.42999267578125,176.47999572753906,180.19000244140625,34282900,180.19000244140625,0.014469132951631547
GOOGL,2025-07-14,181.00999450683597,183.6699981689453,179.67999267578125,181.55999755859372,32536600,181.55999755859372,0.007603058430686094
GOOGL,2025-07-15,182.80999755859372,184.22000122070312,181.6000061035156,182.0,33448300,182.0,0.0024234547660437755
GOOGL,2025-07-16,183.2400054931641,184.3300018310547,182.02999877929688,182.97000122070312,33104200,182.97000122070312,0.005329677036830294
GOOGL,2025-07-17,182.13999938964844,184.05999755859372,180.47999572753903,183.5800018310547,31992600,183.5800018310547,0.0033338831845759476
GOOGL,2025-07-18,185.3999938964844,186.4199981689453,183.7100067138672,185.05999755859372,34014500,185.05999755859372,0.008061857025696284
GOOGL,2025-07-21,186.25,190.2899932861328,186.1499938964844,190.1000061035156,45803100,190.1000061035156,0.0272344569945544
GOOGL,2025-07-22,191.5,191.6499938964844,187.4600067138672,191.33999633789065,44660200,191.33999633789065,0.0065228311129030825
GOOGL,2025-07-23,191.5,192.52999877929688,189.17999267578125,190.22999572753903,58681900,190.22999572753903,-0.005801194897022244
GOOGL,2025-07-24,197.02999877929688,197.9499969482422,191.0,192.1699981689453,74881700,192.1699981689453,0.010198194212151845
GOOGL,2025-07-25,191.97999572753903,194.3300018310547,191.25999450683597,193.17999267578125,39785900,193.17999267578125,0.0052557345915569265
GOOGL,2025-07-28,193.6499938964844,194.0500030517578,190.83999633789065,192.5800018310547,38139500,192.5800018310547,-0.003105864310356088
GOOGL,2025-07-29,192.42999267578125,195.9199981689453,192.0800018310547,195.75,41389200,195.75,0.016460681996079085
GOOGL,2025-07-30,195.6000061035156,197.6000061035156,194.69000244140625,196.52999877929688,32445400,196.52999877929688,0.003984668093470534
GOOGL,2025-07-31,195.7100067138672,195.9900054931641,191.08999633789065,191.8999938964844,51329200,191.8999938964844,-0.023558769203535057
GOOGL,2025-08-01,189.02999877929688,190.8300018310547,187.82000732421875,189.1300048828125,34797400,189.1300048828125,-0.014434544563696527
JPM,2023-08-03,147.87639093103886,149.70814834921845,147.2562699533659,149.1643524169922,6084000,149.1643524169922,
JPM,2023-08-04,149.2120282971408,150.54769462607416,148.54420241143038,148.84950256347656,6209400,148.84950256347656,-0.0021107580223689304
JPM,2023-08-07,149.40284544130932,150.4522819403916,149.40284544130932,149.55548095703125,7251800,149.55548095703125,0.00474290059016913
JPM,2023-08-08,147.22762537928142,148.81132249682062,145.57712384151233,148.71592712402344,8623400,148.71592712402344,-0.0056136614160534615
JPM,2023-08-09,148.18165042246062,148.37245570492576,146.4166688052609,146.72195434570312,6277800,146.72195434570312,-0.01340793025253717
JPM,2023-08-10,147.28488424354327,148.29616558036165,146.05416295061272,146.5025634765625,5995100,146.5025634765625,-0.001495283170940498
JPM,2023-08-11,145.99691735425412,147.4184439214509,145.61530671377142,147.35165405273438,5180700,147.35165405273438,0.005795738695778541
JPM,2023-08-14,146.55027582809305,147.800067526441,145.89198504163153,147.65696716308594,5044300,147.65696716308594,0.002072003278920098
JPM,2023-08-15,145.82520813625536,146.22590370679933,143.32561020927076,143.89804077148438,10300300,143.89804077148438,-0.02545715562104056
JPM,2023-08-16,143.6786207407146,144.02207617939217,142.8008899638051,143.28746032714844,6978200,143.28746032714844,-0.004243146335157988
JPM,2023-08-17,143.94574126479552,144.30826702256886,141.5797086016265,141.7991485595703,9953900,141.7991485595703,-0.01038689473719523
JPM,2023-08-18,140.8641633919148,142.62914525994228,140.6638229119838,142.12350463867188,8517500,142.12350463867188,0.002287433192628141
JPM,2023-08-21,142.77227744027203,143.2016076794581,141.21719999077467,142.61009216308594,8327000,142.61009216308594,0.0034236949451194043
JPM,2023-08-22,142.40015504850228,142.76269528850753,139.14688628783537,139.65252685546875,9673300,139.65252685546875,-0.020738821935792462
JPM,2023-08-23,139.62391921019298,140.80692084384748,138.77482322321023,140.59703063964844,7858000,140.59703063964844,0.006763241635843631
JPM,2023-08-24,140.72108092506218,142.5433031616917,140.23452514019576,140.46348571777344,6534000,140.46348571777344,-0.0009498416948596766
JPM,2023-08-25,140.51118870858545,141.78960044040733,139.1469167613831,140.29176330566406,6695500,140.29176330566406,-0.0012225412977036054
JPM,2023-08-28,140.78783952187533,141.78003577182335,140.36805914622056,140.77828979492188,5094100,140.77828979492188,0.00346796189451104
JPM,2023-08-29,140.92141002213862,142.0090162377746,140.41575487229298,141.9231414794922,6337000,141.9231414794922,0.008132302830486715
JPM,2023-08-30,141.78958929674283,142.29522993537307,140.42531745676263,141.35073852539062,6277300,141.35073852539062,-0.004033189711941887
JPM,2023-08-31,141.44613557039813,141.5320103375544,139.25185257277184,139.60484313964844,10933900,139.60484313964844,-0.012351512301639445
JPM,2023-09-01,139.37589651488466,141.2744440310184,139.00382097285515,140.07235717773438,7903500,140.07235717773438,0.0033488382463799926
JPM,2023-09-05,140.39670633003595,141.39845250042725,138.34550901780366,138.5267791748047,7854700,138.5267791748047,-0.011034140026418893
JPM,2023-09-06,138.04973054917028,138.85112149978357,137.48684984987122,138.29779052734375,8629200,138.29779052734375,-0.0016530280197446512
JPM,2023-09-07,137.5059522257992,138.5935585277479,136.79995655145936,137.1147918701172,8373700,137.1147918701172,-0.008553995351015087
JPM,2023-09-08,136.7808764822824,137.4964073524471,136.09396568232324,137.21974182128906,7107900,137.21974182128906,0.0007654166975017418
JPM,2023-09-11,138.0974816186315,138.3836969272716,137.08620014461633,137.82081604003906,6854200,137.82081604003906,0.004380377129209467
JPM,2023-09-12,137.85893257500257,140.54933534019625,137.42961701135775,139.61436462402344,8363200,139.61436462402344,0.013013626210595985
JPM,2023-09-13,140.5684035245106,140.91185888166237,139.118271623213,139.68115234375,8325900,139.68115234375,0.0004783728372537155
JPM,2023-09-14,141.04545387114638,143.01077650252174,140.74016824329405,142.39065551757812,10034900,142.39065551757812,0.019397772200218766
JPM,2023-09-15,142.07581608770172,142.84858714317608,141.49385036385468,141.9708709716797,19863400,141.9708709716797,-0.0029481186414413996
JPM,2023-09-18,141.35074543607354,142.28570172108908,140.959585056496,142.26661682128906,6512400,142.26661682128906,0.0020831445745541632
JPM,2023-09-19,142.629168171064,142.83905841257243,140.44442009401757,142.08535766601562,7943400,142.08535766601562,-0.0012740807318215586
JPM,2023-09-20,142.7722608602885,143.3446914077174,141.3316638778609,141.48431396484375,7332000,141.48431396484375,-0.004230159328483918
JPM,2023-09-21,140.79738967325233,142.0090259669087,139.8910535243805,140.3776092529297,8052400,140.3776092529297,-0.007822101835183393
JPM,2023-09-22,140.5207115001663,140.7306017131698,138.51723386355897,139.03240966796875,7071700,139.03240966796875,-0.00958272186084308
JPM,2023-09-25,138.66989325596225,139.78611970511542,137.0957165526591,139.71932983398438,7044700,139.71932983398438,0.00494071970453569
JPM,2023-09-26,137.954359521185,139.13736125960313,137.60135438785537,138.26918029785156,7468400,138.26918029785156,-0.010379018693089104
JPM,2023-09-27,138.51722789446686,139.37585905065313,137.86847238472757,139.08010864257812,6717800,139.08010864257812,0.005864852478185689
JPM,2023-09-28,139.55713895841632,142.02810205552532,139.29954377051882,140.8069305419922,8868100,140.8069305419922,0.012416023515280816
JPM,2023-09-29,141.7705415883038,141.92317713106934,138.20242192120406,138.35507202148438,11917800,138.35507202148438,-0.017412910792601988
JPM,2023-10-02,138.1737874367539,138.92747357232346,136.07489972809725,137.16250610351562,9170600,137.16250610351562,-0.008619603897019101
JPM,2023-10-03,136.61868543146116,136.99076088584889,135.80775921421204,136.15121459960938,9431100,136.15121459960938,-0.007372944200531251
JPM,2023-10-04,136.6091449768928,136.8762753154789,135.4070438957436,136.7617950439453,8128700,136.7617950439453,0.004484575816172676
JPM,2023-10-05,136.51192503685277,137.53068311277838,135.34902535635143,137.3384552001953,8576200,137.3384552001953,0.004216529594867513
JPM,2023-10-06,137.34805067859824,140.20246162061397,136.60801441013132,139.45281982421875,10270600,139.45281982421875,0.015395284743383586
JPM,2023-10-09,138.0688656621141,139.74113680090898,137.915089220752,139.1356658935547,6964900,139.1356658935547,-0.002274274059598347
JPM,2023-10-10,139.7603855484153,141.0578506556618,139.62583480628783,139.98143005371094,11288800,139.98143005371094,0.006078701350402227
JPM,2023-10-11,140.80793423380203,141.49991354124984,139.3759333137481,140.46194458007812,8698200,140.46194458007812,0.0034327019389843727
JPM,2023-10-12,140.6061124450685,141.2404292406456,139.4816497610517,140.1351776123047,10484400,140.1351776123047,-0.002326373657650316
JPM,2023-10-13,142.72050012124552,147.15108323685914,142.08618326779026,142.23995971679688,29427000,142.23995971679688,0.015019655595080117
JPM,2023-10-16,143.6335150779577,143.7007977695875,141.00976873803612,142.09579467773438,12663500,142.09579467773438,-0.0010135340262296122
JPM,2023-10-17,141.82670522976943,143.498976489682,141.0770486900659,141.7882537841797,11482700,141.7882537841797,-0.002164320867145797
JPM,2023-10-18,140.8848359112351,141.74019726674464,139.7123161207708,140.23130798339844,9620300,140.23130798339844,-0.010980781265217732
JPM,2023-10-19,139.8180447284581,141.29811752155436,139.24140498946775,139.63543701171875,11143600,139.63543701171875,-0.004249200697395095
JPM,2023-10-20,138.94346608236614,139.49127454330534,136.58880625845396,137.38650512695312,13332900,137.38650512695312,-0.01610573886467581
JPM,2023-10-23,137.37690466719658,138.08809513974512,135.2529094492082,135.5124053955078,10133400,135.5124053955078,-0.013641075808090042
JPM,2023-10-24,135.69499171214625,136.21396885797367,134.89729294000568,135.67576599121094,8881400,135.67576599121094,0.0012055028853361627
JPM,2023-10-25,135.09912661134564,135.68537178419916,134.08036870878004,134.93572998046875,8242600,134.93572998046875,-0.005454445053880375
JPM,2023-10-26,134.32065740912282,136.15632539446904,134.0034989615292,135.28173828125,9109400,135.28173828125,0.0025642452212719657
JPM,2023-10-27,133.5421757823026,133.6863467029392,129.92851721159093,130.4090576171875,17434700,130.4090576171875,-0.036018761482294215
JPM,2023-10-30,131.12986126976563,132.66758168714827,130.7454201667235,132.07171630859375,9855500,132.07171630859375,0.012749564499476174
JPM,2023-10-31,132.35043795612003,133.82089034621407,132.11977329426915,133.64788818359375,9672500,133.64788818359375,0.011934212101228248
JPM,2023-11-01,133.83051023593026,135.0606925679566,133.08086833563078,133.53257751464844,9432000,133.53257751464844,-0.00086279454552185
JPM,2023-11-02,134.63780690781735,135.97370864468428,133.81127682612728,135.91604614257812,10186200,135.91604614257812,0.017849341878151126
JPM,2023-11-03,136.6560971207552,138.17460672036333,136.3293331305047,137.4345703125,9538700,137.4345703125,0.011172515777341907
JPM,2023-11-06,137.59794706417068,138.57825366249645,137.2327316390251,138.4725341796875,7625100,138.4725341796875,0.00755242196215522
JPM,2023-11-07,137.92470251231373,138.64551312372595,137.2615690683552,138.40524291992188,6297900,138.40524291992188,-0.00048595384033567335
JPM,2023-11-08,138.50135608622446,139.20294097119495,138.0304212100501,139.08761596679688,7618200,139.08761596679688,0.004930254320421934
JPM,2023-11-09,139.77961406100258,139.98143284575374,138.1073279484079,138.6743621826172,7992500,138.6743621826172,-0.002971175983621288
JPM,2023-11-10,139.29907784483456,140.77913608294767,138.4725476257779,140.7310791015625,7983300,140.7310791015625,0.014831270081753667
JPM,2023-11-13,140.0294807886345,140.55807820375435,139.51050356783617,140.1063690185547,6676300,140.1063690185547,-0.004439034270155573
JPM,2023-11-14,140.97133013812635,143.4413149284901,140.8175683495463,142.662841796875,9927700,142.662841796875,0.018246656424175445
JPM,2023-11-15,142.68204930414583,144.3158835855458,142.68204930414583,143.9122314453125,8365300,143.9122314453125,0.008757638868685858
JPM,2023-11-16,144.24862401251184,145.63258280933852,144.24862401251184,145.55569458007812,8126200,145.55569458007812,0.011419898908246351
JPM,2023-11-17,146.27651061460523,146.91082753064993,145.64219369856056,146.8723907470703,7812400,146.8723907470703,0.009045995560605258
JPM,2023-11-20,146.1611666318656,147.7661697730234,146.00739018764082,147.32406616210938,7019000,147.32406616210938,0.0030752915012930426
JPM,2023-11-21,147.23760030099513,147.65087274001422,146.63212926768253,147.0165557861328,7083500,147.0165557861328,-0.002087305787760396
JPM,2023-11-22,147.43939126627654,147.8911003609944,146.9492307318356,147.3625030517578,5174500,147.3625030517578,0.0023531177408906423
JPM,2023-11-24,147.61240328865546,148.4293278719072,147.3144705734481,147.56434631347656,3496900,147.56434631347656,0.0013697057089743225
JPM,2023-11-27,147.45860102640813,147.55471495994445,146.76663643167046,147.2279510498047,6259100,147.2279510498047,-0.002279651366172586
JPM,2023-11-28,147.2568080692053,147.88150475174146,146.77626764727606,147.56434631347656,6582700,147.56434631347656,0.0022848600505080974
JPM,2023-11-29,148.16980919912743,149.57299346839156,148.00642724053634,148.31398010253906,9126100,148.31398010253906,0.005080046825606699
JPM,2023-11-30,148.8810303868025,150.05355013709328,148.37165873552053,150.0054931640625,9869800,150.0054931640625,0.01140494685904847
JPM,2023-12-01,149.755609075461,151.7162073472799,149.755609075461,150.73590087890625,8916000,150.73590087890625,0.00486920644995914
JPM,2023-12-04,149.9478407858588,151.89883377020666,149.81329005124618,151.84117126464844,9607500,151.84117126464844,0.007332495970088226
JPM,2023-12-05,151.139540944315,152.3312862549579,150.8608340024733,151.82191467285156,9135600,151.82191467285156,-0.00012682062207824973
JPM,2023-12-06,152.65806514389516,153.02328052725483,149.9285992917563,150.22653198242188,9366000,150.22653198242188,-0.010508250366012328
JPM,2023-12-07,150.5917669209466,151.1876323796541,150.07277502825963,150.6878662109375,8130900,150.6878662109375,0.003070923773768497
JPM,2023-12-08,151.13956890685927,152.60041590228724,150.87046744256068,152.3505401611328,7369400,152.3505401611328,0.01103389404869426
JPM,2023-12-11,152.3505455716265,153.10018748664206,151.99493567301522,152.90797424316406,8093900,152.90797424316406,0.0036588914055812882
JPM,2023-12-12,153.03290254571792,154.3976356188453,152.6965330407876,154.272705078125,10223000,154.272705078125,0.00892517765483336
JPM,2023-12-13,154.27272498724582,155.72395200621568,153.5519142430345,154.7917022705078,12379100,154.7917022705078,0.0033641543532927365
JPM,2023-12-14,155.5317126422695,158.4245606642373,155.4163876353257,157.60765075683594,13643000,157.60765075683594,0.018191856830975794
JPM,2023-12-15,156.7330445145999,158.8474191512769,156.06989647590814,158.7993621826172,20309300,158.7993621826172,0.007561253657792699
JPM,2023-12-18,159.4625195782345,160.62543376235456,159.18381260753873,159.7604522705078,8469600,159.7604522705078,0.00605222889236412
JPM,2023-12-19,159.53942823155933,161.91329921036794,159.10694476271289,161.89407348632812,10345700,161.89407348632812,0.013355127539371514
JPM,2023-12-20,161.45198249682602,162.81671558820872,159.97190972755757,160.06802368164062,10734700,160.06802368164062,-0.011279287532669935
JPM,2023-12-21,160.34671648027123,161.5480674752354,159.23185923736153,160.9810333251953,7601700,160.9810333251953,0.0057038852767405945
JPM,2023-12-22,160.98106269357197,161.68264769644364,160.72156672513873,160.88494873046875,6576300,160.88494873046875,-0.0005968690394256848
JPM,2023-12-26,160.94259715917883,162.2016106603099,160.67348104354662,161.83639526367188,4683600,161.83639526367188,0.005913831845122397
JPM,2023-12-27,161.3077994146804,162.87436582565874,161.05792368378977,162.8070831298828,6428600,162.8070831298828,0.005997957780939478
JPM,2023-12-28,162.7590343067231,164.0180477693536,162.42265017116634,163.67205810546875,6320100,163.67205810546875,0.005312882946842512
JPM,2023-12-29,163.38374444749638,164.04689258017208,163.02814922588826,163.4798583984375,6435100,163.4798583984375,-0.001174297612286379
JPM,2024-01-02,162.5091601714511,165.46929099959914,162.3361726546747,165.38279724121094,9977400,165.38279724121094,0.011640203639860847
JPM,2024-01-03,165.17134368687348,165.3443311883689,163.73932804313617,164.66197204589844,9852300,164.66197204589844,-0.004358525840273297
JPM,2024-01-04,165.0101152576503,167.63071137698762,164.91340863126374,165.7547149658203,11972500,165.7547149658203,0.006636279806106593
JPM,2024-01-05,165.8127255185908,167.65971280913857,165.8127255185908,166.58633422851562,10066000,166.58633422851562,0.005017168065878597
JPM,2024-01-08,166.34458923339844,166.67336815307394,163.8980621013763,166.34458923339844,11229900,166.34458923339844,-0.0014511694265724184
JPM,2024-01-09,165.9577680959682,166.1221575465057,164.4879278010356,165.02944946289062,9923600,165.02944946289062,-0.0079061169141037
JPM,2024-01-10,164.39122724040854,165.43559680763775,163.37586670932242,165.37757873535156,9670200,165.37757873535156,0.00210949787200998
JPM,2024-01-11,164.7103292244296,164.73933825842948,163.07608478409773,164.6813201904297,11919500,164.6813201904297,-0.004210114516406627
JPM,2024-01-12,168.06583305761393,170.49301551074538,163.32748952360538,163.47254943847656,19436500,163.47254943847656,-0.007340059883873651
JPM,2024-01-16,159.43046787018932,162.54423214727555,158.87928145443695,162.44754028320312,17206400,162.44754028320312,-0.006270221873912907
JPM,2024-01-17,161.81899180591984,163.49192499432215,160.99704448580525,161.57723999023438,11107500,161.57723999023438,-0.0053574236424356325
JPM,2024-01-18,161.6062419287475,162.00271843034182,159.78827838829608,161.89634704589844,9382300,161.89634704589844,0.001974950529439301
JPM,2024-01-19,162.02205969627911,164.94242557872278,161.56756513076985,164.6909942626953,13115700,164.6909942626953,0.017261953514025707
JPM,2024-01-22,164.83604752056917,166.30588778467833,164.11079214821694,164.49758911132812,12837500,164.49758911132812,-0.0011743517138447235
JPM,2024-01-23,164.07210858961298,164.14947093566016,162.8826938742748,163.41455078125,8360800,163.41455078125,-0.006583916128674372
JPM,2024-01-24,163.77232258234451,165.3678783906823,163.288819033714,164.8747100830078,9967100,164.8747100830078,0.008935307748160204
JPM,2024-01-25,166.62500317303437,167.2825757217017,165.27119903659934,167.23422241210938,8873500,167.23422241210938,0.014310941489532603
JPM,2024-01-26,166.91510717677147,167.35025744952202,166.11248945996752,166.5959930419922,7443000,166.5959930419922,-0.0038163801697502775
JPM,2024-01-29,166.55734955288756,167.1375451036687,165.6483602924333,167.0311737060547,6971200,167.0311737060547,0.0026121916626937747
JPM,2024-01-30,167.1278389172018,170.92816973884814,167.1278389172018,170.454345703125,10822100,170.454345703125,0.020494210278941605
JPM,2024-01-31,170.38666580657522,172.41738683012093,168.58803182311897,168.6073760986328,11521800,168.6073760986328,-0.010835567710951732
JPM,2024-02-01,167.91111133049867,169.07151689304652,165.7740191588926,167.99813842773438,9354800,167.99813842773438,-0.0036133512364372455
JPM,2024-02-02,167.58235096901416,170.01921324826546,167.54366241795364,168.9651641845703,8607600,168.9651641845703,0.005756169478341677
JPM,2024-02-05,168.1238680732714,169.31328276728672,167.21487896771097,168.7427520751953,7820200,168.7427520751953,-0.0013163193161641606
JPM,2024-02-06,168.84914390291743,170.06756777931605,168.0271818022979,169.32298278808594,6764800,169.32298278808594,0.0034385519126300945
JPM,2024-02-07,169.89349063169018,170.06754483825674,168.22057237313678,169.64205932617188,7225500,169.64205932617188,0.0018844254502963231
JPM,2024-02-08,169.22625065109548,169.52602050567728,167.84343751406126,169.03285217285156,6060300,169.03285217285156,-0.0035911327399591464
JPM,2024-02-09,169.2262513781169,169.32295799533338,167.94013009700024,169.2359161376953,6296700,169.2359161376953,0.0012013283940572883
JPM,2024-02-12,169.01350147087183,170.97652472334252,167.9691320216421,169.99017333984375,8539300,169.99017333984375,0.004456838828081677
JPM,2024-02-13,169.53570589896955,170.4156712187946,166.92477470839322,168.5106658935547,8397600,168.5106658935547,-0.008703488073579568
JPM,2024-02-14,169.293956139211,170.28997236626694,168.6653926113695,170.22227478027344,7056700,170.22227478027344,0.010157273295685387
JPM,2024-02-15,170.3383094891541,174.26437104907498,170.3383094891541,173.93557739257812,8723400,173.93557739257812,0.02181443419844964
JPM,2024-02-16,173.68415694017355,174.04194486836414,172.28199950648133,173.123291015625,8152600,173.123291015625,-0.004670041570160044
JPM,2024-02-20,173.27802401589233,174.50612730193214,172.5237595738481,173.80020141601562,9668000,173.80020141601562,0.003909990368248684
JPM,2024-02-21,174.0129409687856,175.01863670984514,172.63012776902718,174.9315948486328,7024000,174.9315948486328,0.006509736026766966
JPM,2024-02-22,175.82127020053002,177.36847299063558,175.26040420918272,177.030029296875,9296500,177.030029296875,0.011995742964888256
JPM,2024-02-23,177.7456087482769,179.08974829973974,177.1460689463664,177.919677734375,7105800,177.919677734375,0.005025409762589472
JPM,2024-02-26,177.68757227973347,178.37415388130827,176.45946900921118,177.31044006347656,7145400,177.31044006347656,-0.003424228723075795
JPM,2024-02-27,177.26209577216366,177.4845033070783,176.22740569249672,177.39747619628906,5717100,177.39747619628906,0.0004908686300781895
JPM,2024-02-28,177.37811484837408,179.08972163929633,176.92363506176216,178.29678344726562,6131600,178.29678344726562,0.005069447831272944
JPM,2024-02-29,179.53455922561568,180.2791441413293,177.7842785648818,179.92135620117188,9643000,179.92135620117188,0.00911162121097231
JPM,2024-03-01,179.57321901371276,180.288809593568,178.99302359563563,179.17674255371094,6311800,179.17674255371094,-0.004138550660035989
JPM,2024-03-04,178.61588365697514,181.400854004655,178.19039818230485,180.5208740234375,7063600,180.5208740234375,0.007501707256027501
JPM,2024-03-05,180.21147535154643,183.0544790850072,180.21147535154643,182.3292236328125,6617800,182.3292236328125,0.010017398924958787
JPM,2024-03-06,183.0061251322152,183.7990781730887,181.43957808265327,183.27688598632807,7572900,183.27688598632807,0.005197534079473876
JPM,2024-03-07,183.64431830898693,184.2148489455378,180.47253626347657,181.67161560058597,7618300,181.67161560058597,-0.008758717047723352
JPM,2024-03-08,182.2228440885785,184.1762028172453,181.71999619939157,182.01010131835935,6172200,182.01010131835935,0.0018631733782648041
JPM,2024-03-11,181.1010869384533,182.2228187060201,180.07606178219166,182.0777587890625,5762600,182.0777587890625,0.00037172371320659536
JPM,2024-03-12,182.7160090722176,183.88609428671467,181.71032806786096,183.5766448974609,5708400,183.5766448974609,0.008232120816770827
JPM,2024-03-13,184.07949020454285,185.40428533979184,183.57664233171303,185.0658416748047,7795500,185.0658416748047,0.008112125473126452
JPM,2024-03-14,184.72738067861897,185.30759088959047,180.9270495383672,181.76834106445312,10310900,181.76834106445312,-0.017817986185402535
JPM,2024-03-15,180.3274796573398,184.64033781045543,180.3274796573398,184.02145385742188,17214200,184.02145385742188,0.01239551827218266
JPM,2024-03-18,184.34056566159103,186.34226265829884,183.6249751054957,186.3035888671875,9013800,186.3035888671875,0.012401461687906234
JPM,2024-03-19,186.35196174967183,187.531696944468,186.0328476068898,187.3963165283203,8478700,187.3963165283203,0.005865306555698169
JPM,2024-03-20,187.78312900274327,190.07493132640292,187.2222630606584,189.8525238037109,9367000,189.8525238037109,0.013107020035900252
JPM,2024-03-21,190.03625515445097,192.8502348343169,189.85252142938455,192.4924468994141,11203800,192.4924468994141,0.013905125108753413
JPM,2024-03-22,192.444096433356,193.86559818946213,190.05558748291145,190.1329498291016,8108800,190.1329498291016,-0.012257608588379765
JPM,2024-03-25,190.11362087377043,190.44239977953595,187.9475194400892,188.3923492431641,8620000,188.3923492431641,-0.009154649877898713
JPM,2024-03-26,188.16992077128305,190.1716326862052,187.65740815405684,189.27230834960935,5961500,189.27230834960935,0.004670885574601824
JPM,2024-03-27,190.0168903595,193.01461819606752,189.90085423213972,192.937255859375,8725800,192.937255859375,0.01936335823091473
JPM,2024-03-28,192.9082701141541,194.0976848292462,191.98960147713308,193.6915435791016,8628300,193.6915435791016,0.003909497501490167
JPM,2024-04-01,193.3917642620285,194.3104180988093,192.01861588661845,192.37640380859372,7309000,192.37640380859372,-0.006789866744857598
JPM,2024-04-02,191.8445472087518,193.18868655220632,191.5447773541865,192.29904174804688,7014700,192.29904174804688,-0.0004021390306464534
JPM,2024-04-03,192.47309843724688,192.97594629143305,191.17731238545772,191.7575225830078,9353400,191.7575225830078,-0.0028160263312625444
JPM,2024-04-04,193.702821076875,194.21832327051536,190.2012975827949,190.29855346679688,9243800,190.29855346679688,-0.007608406160855452
JPM,2024-04-05,190.79460720088397,192.7009886895021,189.77332398269567,192.04931640625,6532300,192.04931640625,0.009200085379306833
JPM,2024-04-08,192.21466968877257,193.5374714019304,192.21466968877257,193.0511474609375,8001000,193.0511474609375,0.005216530177948098
JPM,2024-04-09,192.652371688294,193.44021409226477,189.5788008419389,191.7575225830078,7351500,191.7575225830078,-0.0067009437392308024
JPM,2024-04-10,190.20128772912147,191.6797165987918,188.8687500986105,190.12347412109372,7681400,190.12347412109372,-0.008521430814828923
JPM,2024-04-11,190.63896530993077,191.19338166966617,187.95446277399049,190.0845489501953,10137700,190.0845489501953,-0.00020473626982864257
JPM,2024-04-12,183.16905486238525,183.76235581809968,177.54713649327226,177.79029846191406,31532300,177.79029846191406,-0.06467780025352043
JPM,2024-04-15,179.45353694960545,182.3325812542019,177.2164438188042,177.8875732421875,14766600,177.8875732421875,0.0005471321051540023
JPM,2024-04-16,177.8972879324253,178.1501858749305,174.7361823825388,175.854736328125,16451800,175.854736328125,-0.011427649930863204
JPM,2024-04-17,176.40914345478038,177.43042670985142,174.298499309729,175.15443420410156,9017100,175.15443420410156,-0.003982276159549936
JPM,2024-04-18,176.14654344162295,178.3447223878382,175.0474465478006,176.2924346923828,9557700,176.2924346923828,0.0064971263414044245
JPM,2024-04-19,177.41097521751,180.79580067535792,176.44806327226095,180.71798706054688,13402300,180.71798706054688,0.025103472964601803
JPM,2024-04-22,180.9027939060976,184.92955574403123,180.8930579282793,184.229248046875,11529700,184.229248046875,0.01942950474073024
JPM,2024-04-23,185.9021830442449,186.97208674402623,185.3088672789248,186.88455200195312,9144400,186.88455200195312,0.014413042354721517
JPM,2024-04-24,185.3185884676726,187.9447346206197,184.96843465785116,187.79884338378903,6964900,187.79884338378903,0.0048922790677015104
JPM,2024-04-25,186.9915413026557,188.6353184746911,185.95080102301569,188.08090209960935,9802300,188.08090209960935,0.001501919344859326
JPM,2024-04-26,188.27546070752476,189.53989110156505,187.77940078111504,188.19764709472656,6413700,188.19764709472656,0.0006207169032790283
JPM,2024-04-29,188.18790428977036,188.9465684352418,187.16662106581148,187.99337768554688,5387800,187.99337768554688,-0.001085398315723185
JPM,2024-04-30,187.5362241088001,189.6566040774389,186.398227938495,186.49549865722656,8153700,186.49549865722656,-0.007967722303632407
JPM,2024-05-01,187.01100230674615,189.14110342767415,185.5714728334644,186.6122131347656,7445300,186.6122131347656,0.000625829997932259
JPM,2024-05-02,187.78914651976055,188.20737801368244,184.3362433346861,186.41770935058597,6501700,186.41770935058597,-0.0010422886096912443
JPM,2024-05-03,186.7483992928303,187.2639014993972,183.30523221109763,185.2991485595703,8922800,185.2991485595703,-0.006000292541477603
JPM,2024-05-06,186.48577873710383,186.9429244399325,184.62803251737205,186.74839782714844,7911100,186.74839782714844,0.007821132902357641
JPM,2024-05-07,186.45658314682916,187.65293580354853,186.4079477877989,186.50521850585935,7688800,186.50521850585935,-0.001302176212050643
JPM,2024-05-08,185.7757467214075,191.27120135539064,185.7757467214075,190.29855346679688,9227600,190.29855346679688,0.02033902853403724
JPM,2024-05-09,189.83169002393848,192.18549617537403,189.76361238806496,192.09796142578125,7977300,192.09796142578125,0.009455710126027528
JPM,2024-05-10,193.10951698056505,193.887638306908,192.8469127205503,193.33323669433597,7529800,193.33323669433597,0.0064304444429619245
JPM,2024-05-13,193.362388735635,194.38367191043824,192.6231668971655,193.29429626464844,7049200,193.29429626464844,-0.00020141611630442036
JPM,2024-05-14,193.55693483623816,196.0663682346845,192.73991415063125,195.99827575683597,8596200,195.99827575683597,0.013988925407738773
JPM,2024-05-15,196.48459267885625,197.14600095406865,194.3058709285772,196.5818634033203,8370000,196.5818634033203,0.002977514185932728
JPM,2024-05-16,196.6888601189926,198.88703903671305,196.46515525691757,196.93202209472656,8497900,196.93202209472656,0.0017812359967706026
JPM,2024-05-17,198.2353620894469,199.4414508038124,197.2627142092444,199.1885528564453,9260500,199.1885528564453,0.011458424778847398
JPM,2024-05-20,198.79949395486395,200.24874459782856,190.05538441902837,190.23046875,17373300,190.23046875,-0.04497288613217343
JPM,2024-05-21,191.61163675364372,194.4323097337501,191.2225835292943,194.06271362304688,14420800,194.06271362304688,0.020145273773588768
JPM,2024-05-22,193.5569173383119,195.4438564950325,192.2827510611153,192.8857879638672,9425300,192.8857879638672,-0.006064666608062486
JPM,2024-05-23,192.3994694722777,192.87607226327336,190.7070717061763,191.5338134765625,8069400,191.5338134765625,-0.007009197005006684
JPM,2024-05-24,192.3411247158696,195.2687895898692,192.15631923784764,195.2201690673828,7356200,195.2201690673828,0.019246500259712196
JPM,2024-05-28,194.393397223048,194.92835650148157,193.2262227873745,194.04324340820312,6910200,194.04324340820312,-0.006028709353148143
JPM,2024-05-29,192.58429231252336,193.54721911700068,191.50465250438688,192.6912841796875,6120000,192.6912841796875,-0.006967308960464824
JPM,2024-05-30,193.1289713640716,194.38369550989609,192.97334413271773,193.8779144287109,6829100,193.8779144287109,0.006158193683098112
JPM,2024-05-31,193.8487272332464,197.73931878899072,192.9247147070429,197.087646484375,14417900,197.087646484375,0.01655542904472651
JPM,2024-06-03,196.7763773602306,196.8833692136912,193.74172092233533,196.2997894287109,6444300,196.2997894287109,-0.0039974958842818875
JPM,2024-06-04,194.6852028095764,196.45541422987665,192.8566200497999,193.71255493164065,6848300,193.71255493164065,-0.01318001667041957
JPM,2024-06-05,194.29613693404255,194.354508274174,191.53382049164756,191.8645172119141,8351600,191.8645172119141,-0.009540102965338138
JPM,2024-06-06,191.8645114739897,192.60373334592407,189.9873082285323,191.5240936279297,7640300,191.5240936279297,-0.0017742915101306433
JPM,2024-06-07,192.0298800114394,195.4244267416929,191.62136964837595,194.48095703125,6964500,194.48095703125,0.01543859755349919
JPM,2024-06-10,193.79037831217744,195.34660609046975,193.0122570023165,194.15025329589844,6070800,194.15025329589844,-0.0017004427600508798
JPM,2024-06-11,192.4967413692982,192.5259196177589,188.3046314709254,189.04383850097656,9235300,189.04383850097656,-0.026301355307218444
JPM,2024-06-12,190.6389660383792,191.33927363154865,186.0772455478325,186.29122924804688,12751300,186.29122924804688,-0.014560692772409345
JPM,2024-06-13,187.05964674038484,189.2578255984547,185.6590314235362,188.3629913330078,8587800,188.3629913330078,0.011121092996827953
JPM,2024-06-14,186.21343445941844,189.5301673064409,186.1842562102071,188.47970581054688,6874000,188.47970581054688,0.0006196253134074237
JPM,2024-06-17,188.18789412967635,190.23046046731776,187.37087353119088,189.64686584472656,8725400,189.64686584472656,0.006192497113471029
JPM,2024-06-18,189.27726924099585,192.54536646724736,188.82012358424132,191.6116180419922,9023000,191.6116180419922,0.010360056247247895
JPM,2024-06-20,191.01831074370696,193.99461079126047,190.74597053291308,193.23594665527344,8731100,193.23594665527344,0.008477192718686188
JPM,2024-06-21,191.32957533457952,191.7769850583037,188.90767671566056,190.9307861328125,20972100,190.9307861328125,-0.011929253135149143
JPM,2024-06-24,192.3994757039057,193.78063391925144,191.7089040169472,193.44021606445312,9785900,193.44021606445312,0.013143139367241874
JPM,2024-06-25,192.67180127917703,194.5976546303865,192.33138345025412,192.65235900878903,6862500,192.65235900878903,-0.004072871048704685
JPM,2024-06-26,192.04933382348997,192.52593665958256,190.91133750850625,192.0298767089844,7758600,192.0298767089844,-0.0032311169352264857
JPM,2024-06-27,192.03958299197464,194.3933888745668,191.5143448715503,193.7222595214844,7913500,193.7222595214844,0.008813122423990016
JPM,2024-06-28,194.5392949798016,197.0584642405675,193.84872330385537,196.72775268554688,15307600,196.72775268554688,0.01551444408859548
JPM,2024-07-01,197.29189379293533,201.4256473117592,197.11682429720045,199.83050537109372,10205800,199.83050537109372,0.01577180973803083
JPM,2024-07-02,199.67487546678976,203.14723549987403,199.1691092582814,203.11805725097656,7802900,203.11805725097656,0.016451701774850225
JPM,2024-07-03,203.8183809068952,204.62568048643055,201.9703408968912,202.98190307617188,5560900,202.98190307617188,-0.0006703203873028585
JPM,2024-07-05,202.4439764257492,202.8156205073296,200.02822273897465,200.2922821044922,8093100,200.2922821044922,-0.01325054564430983
JPM,2024-07-08,200.53679078649856,202.35594102778984,199.49029848258567,200.6639404296875,8707000,200.6639404296875,0.0018555798620409902
JPM,2024-07-09,201.1138560290241,205.15314075850975,200.93780151860437,203.06993103027344,9058900,203.06993103027344,0.011990149278609419
JPM,2024-07-10,201.61262986478005,203.4024401049504,201.0649313063235,203.23617553710935,8328500,203.23617553710935,0.0008186564401360119
JPM,2024-07-11,201.68110301321545,203.5295931406975,200.86933016349928,202.89385986328125,10658100,202.89385986328125,-0.001684324520098035
JPM,2024-07-12,199.51963777984997,202.89386396345225,197.66137261313187,200.43899536132807,15443400,200.43899536132807,-0.012099254770979173
JPM,2024-07-15,202.639564847374,206.9624882270123,202.1798860901041,205.43675231933597,10719700,205.43675231933597,0.024934055117361353
JPM,2024-07-16,205.3878541122016,209.04571936271972,203.51002409401573,208.9283447265625,11557000,208.9283447265625,0.01699594823130335
JPM,2024-07-17,209.1043970826698,212.7818122985889,208.5860384595757,212.10696411132807,11572500,212.10696411132807,0.015213921255756935
JPM,2024-07-18,210.8942063178896,211.8820187052257,204.6445480183218,205.3682861328125,12415100,205.3682861328125,-0.031770187305017794
JPM,2024-07-19,206.5615103892192,207.6862624323403,204.33158615464376,205.17269897460935,8095900,205.17269897460935,-0.000952372744040253
JPM,2024-07-22,205.83775187495945,207.5101874238056,205.1042238459686,205.6616973876953,7663200,205.6616973876953,0.002383350297236575
JPM,2024-07-23,206.3854499796737,206.83533881258512,204.75212936274303,205.71060180664065,5557300,205.71060180664065,0.0002377906025601284
JPM,2024-07-24,204.9477420592163,207.373270655129,203.50025087239203,204.00881958007807,7119000,204.00881958007807,-0.0082727006368013
JPM,2024-07-25,204.06750172336305,205.5736877074889,203.4806882255348,204.08706665039065,6403800,204.08706665039065,0.0003835474881608292
JPM,2024-07-26,204.64454691544185,208.4784516570444,204.03815359129936,207.5786590576172,8027800,207.5786590576172,0.017108347258514733
JPM,2024-07-29,207.9796478923132,208.91857036612032,205.92577829908896,206.2191925048828,6533600,206.2191925048828,-0.006549163381757039
JPM,2024-07-30,208.54692246700927,211.0506959654151,208.2828630990529,210.46388244628903,8850700,210.46388244628903,0.020583389401574337
JPM,2024-07-31,210.0628832721935,211.6375241707996,207.99922364636404,208.1263732910156,9071600,208.1263732910156,-0.01110646220198841
JPM,2024-08-01,208.5175762388367,209.1337445927912,201.8473687538116,203.3926696777344,10918600,203.3926696777344,-0.022744371789260143
JPM,2024-08-02,199.40225983672272,200.1749027773645,192.5657733827952,194.766357421875,18041700,194.766357421875,-0.04241210988344546
JPM,2024-08-05,189.78818389745197,191.86161866599028,186.70735675270703,190.6195068359375,13927000,190.6195068359375,-0.021291411108311564
JPM,2024-08-06,191.10851034519047,198.15039187197232,189.739263894798,195.9400177001953,10605800,195.9400177001953,0.02791168098465957
JPM,2024-08-07,199.04038463574452,201.23119377033268,195.8030832501178,195.99868774414065,9204400,195.99868774414065,0.00029942859367859676
JPM,2024-08-08,198.0232322316734,200.4096458593088,197.3581590438681,199.57830810546875,7761200,199.57830810546875,0.018263491467866322
JPM,2024-08-09,199.0012765936043,201.93538887649183,198.4437880964956,201.2801055908203,5540200,201.2801055908203,0.008526966189392748
JPM,2024-08-12,201.8766989582646,202.59066206622745,199.18709616631844,201.6615295410156,6936000,201.6615295410156,0.001894990809328645
JPM,2024-08-13,203.16769823771293,203.5197922870732,200.8888693798626,203.3730926513672,6387800,203.3730926513672,0.008487306003515549
JPM,2024-08-14,203.17748052491328,206.1311425196462,202.57108723156963,205.62257385253903,6999800,205.62257385253903,0.011060859486599073
JPM,2024-08-15,208.32197515879275,209.19242788527956,206.46370998834544,206.90382385253903,7001000,206.90382385253903,0.006231076559321869
JPM,2024-08-16,207.04073635714408,209.38802011098272,206.94292664920656,209.27066040039065,7931200,209.27066040039065,0.011439307905389162
JPM,2024-08-19,209.29998850544672,210.7963844256345,209.1239489495024,210.7181396484375,6090800,210.7181396484375,0.006916780619306229
JPM,2024-08-20,210.27804753796968,211.25608496837884,208.98703096646952,209.80859375,5640000,209.80859375,-0.004316410063011089
JPM,2024-08-21,209.7205460758053,210.27803454003853,208.1654702392588,209.88682556152344,5202300,209.88682556152344,0.000372872293384896
JPM,2024-08-22,209.86727370001788,212.0385179903712,209.63253934409676,211.87225341796875,5247100,211.87225341796875,0.009459516342360086
JPM,2024-08-23,212.82093691007765,214.3760127410613,211.7450898375108,213.5153350830078,7214000,213.5153350830078,0.007755058241617263
JPM,2024-08-26,214.19998624931333,214.85526957963955,213.26107861206043,214.35647583007807,5105200,214.35647583007807,0.003939486345293508
JPM,2024-08-27,214.68898552792467,215.57900314868897,214.37602131844332,215.34426879882807,5185200,215.34426879882807,0.004608178805538099
JPM,2024-08-28,214.4346961698432,217.329693389222,214.37601631466424,216.4298858642578,6506400,216.4298858642578,0.005041309302008523
JPM,2024-08-29,217.27098662087823,218.0827593946124,214.13149515272,217.3296813964844,6416100,217.3296813964844,0.004157445856580733
JPM,2024-08-30,217.61333434877585,220.527881794236,217.0558458344996,219.86282348632807,8574100,219.86282348632807,0.011655757619330132
JPM,2024-09-03,217.41772957618943,219.17819998271605,214.42493734692783,215.46165466308597,8956100,215.46165466308597,-0.020017794520481025
JPM,2024-09-04,216.1853750087089,217.19276723568743,212.4395049917308,214.512939453125,7389500,214.512939453125,-0.004403174251327746
JPM,2024-09-05,215.31492422558915,215.95065747970608,211.28541497707133,212.85028076171875,8067900,212.85028076171875,-0.0077508550097024065
JPM,2024-09-06,212.8209502835068,213.9359123543818,206.45391707664123,207.79383850097656,7777000,207.79383850097656,-0.02375586371155769
JPM,2024-09-09,210.46386305218888,213.35884529657469,209.47603576197008,212.04827880859372,8935100,212.04827880859372,0.02047433330222237
JPM,2024-09-10,213.7989803585137,213.8380952878716,196.2040822629428,201.0453643798828,28406900,201.0453643798828,-0.051888723127258896
JPM,2024-09-11,200.7421857149957,203.13837447204912,197.39729944179052,202.6786956787109,13658700,202.6786956787109,0.008124192785374795
JPM,2024-09-12,203.08945783699716,204.19464486203483,200.39008001613465,202.06253051757807,9054400,202.06253051757807,-0.0030401081824090737
JPM,2024-09-13,202.31681954281768,203.2850819527369,198.56115946428235,199.8326110839844,10226700,199.8326110839844,-0.01103578891089696
JPM,2024-09-16,201.30943094064727,203.6371646254004,201.074696602496,203.2948455810547,8634900,203.2948455810547,0.017325673113560036
JPM,2024-09-17,203.16770635547252,205.3193856659061,203.0992514972965,204.65432739257807,7573300,204.65432739257807,0.006687241910328545
JPM,2024-09-18,204.41958278575413,206.69841162031813,202.16031887697292,202.9720916748047,8259900,202.9720916748047,-0.008219888331735259
JPM,2024-09-19,205.1726766359224,207.2559009928545,202.78626308451325,205.8572998046875,11635200,205.8572998046875,0.01421480217342097
JPM,2024-09-20,205.31937627644817,206.77665731859733,204.89882737407575,206.4539031982422,20885000,206.4539031982422,0.002898140576606867
JPM,2024-09-23,206.365880051948,207.14831291365533,205.37806770478767,206.7962188720703,7223500,206.7962188720703,0.001658073151077355
JPM,2024-09-24,206.512593280452,208.27306360428005,205.7497252940709,206.94293212890625,7323200,206.94293212890625,0.000709458120831119
JPM,2024-09-25,207.0309508757329,207.5786643588061,204.02838380053296,205.5736846923828,8976500,205.5736846923828,-0.006616546032461423
JPM,2024-09-26,206.4930555267224,207.0505291235325,204.41960594514,205.17269897460935,7807500,205.17269897460935,-0.0019505692976875544
JPM,2024-09-27,206.0235917441936,207.77428721233036,204.73259001491132,205.87689208984372,7032500,205.87689208984372,0.0034321969674997455
JPM,2024-09-30,201.77890009092343,206.3267831012818,200.75195780318663,206.22897338867188,8663800,206.22897338867188,0.0017101545261062334
JPM,2024-10-01,204.31200906704456,204.49783856281084,201.6615360420626,202.49285888671875,8540100,202.49285888671875,-0.01811634146532759
JPM,2024-10-02,202.531986226271,204.36091138547783,201.17251483961107,202.73736572265625,5810900,202.73736572265625,0.0012074837467443977
JPM,2024-10-03,201.6419680130694,201.9549471429484,199.8521577886981,200.7226104736328,7251300,200.7226104736328,-0.00993775982953049
JPM,2024-10-04,205.9576626665792,208.2898110074774,203.605829504184,207.8470001220703,10211700,207.8470001220703,0.03549370761782389
JPM,2024-10-07,207.6600393449383,209.9233134149013,206.34144154435043,207.56163024902344,6718900,207.56163024902344,-0.0013729804754424313
JPM,2024-10-08,207.21720753271853,207.95523063224448,205.0523427771327,207.38449096679688,6021800,207.38449096679688,-0.0008534298078793912
JPM,2024-10-09,206.35126022267227,210.81876855982097,206.0363781677194,210.0118560791016,7024000,210.0118560791016,0.012669053023474985
JPM,2024-10-10,211.3796736515621,211.3796736515621,208.09301407368025,209.44113159179688,7927100,209.44113159179688,-0.002717582225880366
JPM,2024-10-11,212.22592464915908,221.0428473823042,211.72407433758045,218.74020385742188,18320700,218.74020385742188,0.04439945580388183
JPM,2024-10-14,219.63569537146847,220.12771082481635,215.38468966240524,217.9431610107422,9048900,217.9431610107422,-0.0036437876193953223
JPM,2024-10-15,220.08834644726068,221.84975508557864,218.2777332627632,218.838623046875,9235800,218.838623046875,0.004108695276236141
JPM,2024-10-16,218.77958650539,220.1080191791763,217.51017826663647,220.06866455078125,6382500,220.06866455078125,0.005620769710485529
JPM,2024-10-17,220.68859828107347,222.24336879310937,219.74392207833716,220.8361968994141,6470200,220.8361968994141,0.003487694852875034
JPM,2024-10-18,221.40694000371568,222.31224657880543,219.5372874052875,221.77102661132807,7000500,221.77102661132807,0.004233136256823755
JPM,2024-10-21,221.62342291691596,222.09575350721045,219.34046420277485,219.4388732910156,5870000,219.4388732910156,-0.010516041504374463
JPM,2024-10-22,219.4585602020568,221.68246447536515,217.5692228077639,220.54098510742188,9586800,220.54098510742188,0.005022409201603351
JPM,2024-10-23,220.0883386396681,221.2101331832156,218.97637899895992,219.8423309326172,6180500,219.8423309326172,-0.0031679108282951507
JPM,2024-10-24,218.2875767320128,221.46599234035884,218.1202932805335,221.38726806640625,6002200,221.38726806640625,0.007027477953108985
JPM,2024-10-25,221.40693298542388,222.01702728481243,217.3527308395954,218.7598876953125,6369700,218.7598876953125,-0.011867802489462287
JPM,2024-10-28,219.78329598096235,222.03672001698985,219.38967463255813,221.89895629882807,6843000,221.89895629882807,0.014349379297029285
JPM,2024-10-29,221.61360864208916,223.129009642268,219.25192544055204,219.34048461914065,6580000,219.34048461914065,-0.011529895058370432
JPM,2024-10-30,218.9862223095852,222.696022878581,218.04156108670676,220.8263702392578,7110900,220.8263702392578,0.006774333624261164
JPM,2024-10-31,221.11171832137484,222.08591422130417,218.27771982042145,218.3761138916016,7829900,218.3761138916016,-0.011095850305384514
JPM,2024-11-01,219.98993134977013,222.5385676120307,219.14366422998984,219.3798370361328,6923500,219.3798370361328,0.004596304635356985
JPM,2024-11-04,219.09445786114256,220.18673268089208,215.6700347837328,216.27029418945312,8229600,216.27029418945312,-0.014174241756627515
JPM,2024-11-05,216.5163112519916,218.41549864006856,216.4867915270838,217.9530029296875,5600700,217.9530029296875,0.00778058191736819
JPM,2024-11-06,231.2472451295521,244.0396459239529,231.02092224280756,243.1146545410156,23987800,243.1146545410156,0.11544530826879851
JPM,2024-11-07,240.59553478058797,240.66442414504175,231.4637299991232,232.60520935058597,16451100,232.60520935058597,-0.04322834923411245
JPM,2024-11-08,235.5179309932264,235.5179309932264,232.0147837041404,233.19561767578125,9502100,233.19561767578125,0.0025382420576205433
JPM,2024-11-11,236.16740324914207,238.2338740336197,235.18337240227063,235.4687347412109,9017100,235.4687347412109,0.009747683460287204
JPM,2024-11-12,236.7086320152078,237.60410372276957,234.94720832537803,235.73443603515625,6861000,235.73443603515625,0.0011283930931949016
JPM,2024-11-13,236.7381287494199,240.1920714094279,236.47243623245984,237.30886840820312,11472600,237.30886840820312,0.006678839118829716
JPM,2024-11-14,238.54874252101024,240.38887529510023,237.20062514235556,238.0075225830078,10172200,238.0075225830078,0.0029440710728219077
JPM,2024-11-15,237.60409882843325,242.48488350130503,237.60409882843325,241.39260864257807,11518800,241.39260864257807,0.014222601129717072
JPM,2024-11-18,243.8034807349832,243.970764179552,238.804602158898,241.11708068847656,9051400,241.11708068847656,-0.0011414100690608775
JPM,2024-11-19,238.38148649193224,241.23517010745948,237.6926678621622,239.20806884765625,6792700,239.20806884765625,-0.007917364607141875
JPM,2024-11-20,240.4971232401679,240.7037763163033,234.82911119692727,236.9349365234375,9015300,236.9349365234375,-0.00950274100355053
JPM,2024-11-21,239.3458134330346,241.56973270788444,238.2437037135387,240.85137939453125,8783500,240.85137939453125,0.016529613270883425
JPM,2024-11-22,239.71975676448324,245.1712810849187,239.14901706777525,244.58087158203125,7997300,244.58087158203125,0.015484620419760287
JPM,2024-11-25,245.60425696752893,250.24888379434796,245.0827218167103,246.29307556152344,10295400,246.29307556152344,0.007000563733447596
JPM,2024-11-26,246.48989544168631,246.99174577467,244.37422008434564,245.9781951904297,6212100,245.9781951904297,-0.0012784783753090334
JPM,2024-11-27,245.36807972116813,247.1786927433101,244.7973400699264,245.8010406494141,5472300,245.8010406494141,-0.0007202042476913695
JPM,2024-11-29,245.8699414486615,247.7494439197349,245.46648520856576,245.732177734375,5494800,245.732177734375,-0.00028015713382312235
JPM,2024-12-02,245.56491670179165,246.25373533607132,241.11709278239704,242.31761169433597,8899700,242.31761169433597,-0.013895477879702134
JPM,2024-12-03,244.26598004123244,245.0630426480339,240.72347789821268,240.9104461669922,6657700,240.9104461669922,-0.005807112068762055
JPM,2024-12-04,240.79235043141367,241.43197950477787,238.3617929858925,239.5131072998047,7346300,239.5131072998047,-0.0058002419132082705
JPM,2024-12-05,241.4713315735048,243.232740202158,240.71362360883265,241.5598907470703,6572500,241.5598907470703,0.008545600991696878
JPM,2024-12-06,241.7763867104944,243.78381813489787,240.93011954434772,243.40988159179688,5519700,243.40988159179688,0.007658518303701456
JPM,2024-12-09,243.1835391831448,243.9117123737762,239.86734513903212,239.9165496826172,7076500,239.9165496826172,-0.014351643763740318
JPM,2024-12-10,239.9952858139524,244.00029862089497,238.3519560797779,238.9817352294922,9108300,238.9817352294922,-0.003896415042487278
JPM,2024-12-11,240.10351740998203,240.3692099326607,238.31257413024085,239.6410217285156,7884400,239.6410217285156,0.002758731743203402
JPM,2024-12-12,239.1194848539792,240.20192474208164,237.1907778756654,237.67295837402344,6113800,237.67295837402344,-0.008212547836328854
JPM,2024-12-13,238.20434307091804,238.84395708515976,235.32112501775333,236.1083526611328,10392700,236.1083526611328,-0.006583019471775198
JPM,2024-12-16,236.7676551531636,236.82669459968335,233.72700353644623,235.7541046142578,9032000,235.7541046142578,-0.0015003621976196202
JPM,2024-12-17,234.83896647813555,235.20306811862503,232.8512348862644,234.55360412597656,8083600,234.55360412597656,-0.0050921721606735915
JPM,2024-12-18,235.18335240047244,235.2522417611517,225.8645798719305,226.691162109375,11322400,226.691162109375,-0.03352087488017752
JPM,2024-12-19,228.5608539450548,232.5855365920825,228.5608539450548,229.2398376464844,11790800,229.2398376464844,0.011242941777676041
JPM,2024-12-20,228.2164372156276,235.39003065529985,227.89170522721545,233.8057403564453,32348400,233.8057403564453,0.01991757958318785
JPM,2024-12-23,232.3001708511936,234.80943751615172,231.12917173281616,234.58311462402344,8611500,234.58311462402344,0.0033248724620404957
JPM,2024-12-24,235.6065074878048,238.61765460732107,235.2522707838708,238.4405212402344,3729100,238.4405212402344,0.016443666980862526
JPM,2024-12-26,237.57456380293868,239.37534208219432,236.94478465187,239.25726318359372,4451800,239.25726318359372,0.003425348758302915
JPM,2024-12-27,238.84396109647764,239.50325994203416,236.20675069913293,237.31871032714844,5730200,237.31871032714844,-0.00810237829627658
JPM,2024-12-30,234.9570405498872,236.9939765173554,233.32354580275756,235.49826049804688,5723800,235.49826049804688,-0.007670907306853492
JPM,2024-12-31,236.21660117669236,237.58440341491865,235.2128855367701,235.8820343017578,4871000,235.8820343017578,0.001629624791704698
JPM,2025-01-02,237.0726954383795,239.3950086966584,235.62616898005945,236.1673889160156,9220900,236.1673889160156,0.0012097344128070286
JPM,2025-01-03,239.99527893918287,240.9694748679944,236.42324221532635,239.39501953125,9491100,239.39501953125,0.01366670745715104
JPM,2025-01-06,241.04682234249225,243.01516254182832,237.96079477523764,238.2278594970703,9917800,238.2278594970703,-0.00487545662589417
JPM,2025-01-07,239.5038131184609,242.5898407444663,238.27730760657013,240.5225982666016,8753400,240.5225982666016,0.009632537413448494
JPM,2025-01-08,240.1071797173148,241.59084921093364,237.88167547688656,240.4830474853516,8675300,240.4830474853516,-0.0001644368617961245
JPM,2025-01-10,240.4434747195284,241.15563728448865,236.1408422399492,237.25852966308597,10256800,237.25852966308597,-0.013408503659543936
JPM,2025-01-13,237.0607184341952,241.8776940676564,236.39801451425024,241.55130004882807,10005300,241.55130004882807,0.01809321836326805
JPM,2025-01-14,240.0181563931341,245.0230655954703,239.553272090846,244.7757873535156,12407400,244.7757873535156,0.01334907865962931
JPM,2025-01-15,247.6738939303416,250.90829772854647,241.02705323498503,249.6026763916016,18448500,249.6026763916016,0.01971963440613833
JPM,2025-01-16,251.2347052800978,254.2416172912491,249.58288835965183,251.50177001953125,15292300,251.50177001953125,0.007608466605342645
JPM,2025-01-17,251.37317995411405,257.78262803797566,249.39495393256828,256.3385314941406,17678100,256.3385314941406,0.019231520614084507
JPM,2025-01-21,257.2386159130127,261.37310085999866,256.67481427878766,260.1663818359375,13712100,260.1663818359375,0.014932793441099879
JPM,2025-01-22,260.03779895439897,260.51258405617364,257.4166555687672,259.9784545898437,9021900,259.9784545898437,-0.0007223348565161825
JPM,2025-01-23,261.80830399549814,263.954662150952,260.9378797869831,263.0545959472656,10749700,263.0545959472656,0.011832293419371975
JPM,2025-01-24,260.8192215904765,264.19210070055834,260.14663196348107,261.9566955566406,7666300,261.9566955566406,-0.004173659793593187
JPM,2025-01-27,261.29398593545505,263.0743772030227,259.40477654507737,262.9556884765625,7522300,262.9556884765625,0.0038135804003751606
JPM,2025-01-28,262.9556947251147,264.4195626333525,261.9467801555638,264.2316589355469,7375400,264.2316589355469,0.004852416262134174
JPM,2025-01-29,264.30088040438187,267.7331037753792,262.71829354260785,263.677734375,7684900,263.677734375,-0.00209635954593157
JPM,2025-01-30,265.70542308815914,266.7637812150296,263.71729635071705,265.3097839355469,8753500,265.3097839355469,0.006189561528262333
JPM,2025-01-31,266.29890360718946,267.87158965347584,264.0535977806801,264.389892578125,7193800,264.389892578125,-0.0034672349574765837
JPM,2025-02-03,258.9794492048562,265.2504523258838,258.8508898677084,263.9052429199219,8381400,263.9052429199219,-0.0018330869364073799
JPM,2025-02-04,266.9022579496441,266.9022579496441,263.92501805267267,265.02294921875,5626000,265.02294921875,0.004235256133836129
JPM,2025-02-05,265.9823685004482,267.6935447802773,265.4086660824407,267.4858093261719,5704400,267.4858093261719,0.009293006944047777
JPM,2025-02-06,269.48384136128794,273.964521918128,268.23754935695746,273.8853759765625,7264400,273.8853759765625,0.02392488284336225
JPM,2025-02-07,274.25136065172507,275.51742413051505,271.7192336941451,272.79736328125,6857900,272.79736328125,-0.00397251109677943
JPM,2025-02-10,273.1435559521559,273.17322813550726,266.6549769197644,268.0892028808594,8627400,268.0892028808594,-0.017258819307342743
JPM,2025-02-11,267.3176999405584,273.2128052090683,266.7242260792898,271.9961853027344,7196400,271.9961853027344,0.014573441898781958
JPM,2025-02-12,271.09609215493543,273.4403154451047,270.2751416028857,272.4512023925781,6683900,272.4512023925781,0.0016728804094707783
JPM,2025-02-13,272.5006266529158,273.9546239444663,270.82902329782263,273.31170654296875,8398700,273.31170654296875,0.0031583789788187655
JPM,2025-02-14,274.3502728153239,276.19003872412003,273.4403057430738,273.5787658691406,5688600,273.5787658691406,0.0009771236276332473
JPM,2025-02-18,273.74691833724296,276.9219625550137,273.014954205126,276.9021911621094,7919800,276.9021911621094,0.012147965074739808
JPM,2025-02-19,275.349284859606,277.1989213607092,274.2019101444902,276.2098083496094,7007200,276.2098083496094,-0.0025004598540524503
JPM,2025-02-20,275.6460233357813,275.7053677052046,262.84689778435126,263.8953552246094,13846700,263.8953552246094,-0.04458369236987092
JPM,2025-02-21,265.39881832468063,266.2692426301488,259.9784679949329,261.3632202148437,12835600,261.3632202148437,-0.009595223862922886
JPM,2025-02-24,262.59962530916187,264.0931957383756,255.79452240205484,258.49481201171875,10372800,258.49481201171875,-0.010974796686263222
JPM,2025-02-25,259.3751195852985,260.1367257483357,250.5917910877925,254.59768676757807,9608400,254.59768676757807,-0.015076222280097418
JPM,2025-02-26,254.3602904961911,258.0694640681981,254.13278365038855,255.97254943847656,5943600,255.97254943847656,0.0054001381094779255
JPM,2025-02-27,257.34740830941337,260.7697609592049,255.05265894761075,256.2297058105469,8204400,256.2297058105469,0.001004624803067511
JPM,2025-02-28,257.8914619744229,261.92703002421206,255.08238447387,261.7687683105469,10467100,261.7687683105469,0.021617565701361308
JPM,2025-03-03,261.1258300355176,263.42057942273385,255.01311898598425,257.7826232910156,9058300,257.7826232910156,-0.015227733412422673
JPM,2025-03-04,252.5007651307407,254.4295475525683,243.2723390406526,247.5255279541016,13465600,247.5255279541016,-0.03978970811129734
JPM,2025-03-05,248.51464502219383,250.29505146775196,245.13188032196703,248.7915954589844,7861400,248.7915954589844,0.005114896695089799
JPM,2025-03-06,245.4088259022028,246.64521714650215,241.19520997499043,243.8559112548828,9983200,243.8559112548828,-0.019838629174735445
JPM,2025-03-07,242.56016843933216,244.03395219211157,236.8134245213884,239.6422882080078,20498700,239.6422882080078,-0.01727915072959152
JPM,2025-03-10,233.6383844748557,234.92421927928112,226.21013630941505,229.6918182373047,18887200,229.6918182373047,-0.04152217893223498
JPM,2025-03-11,229.226940792582,230.7798554676742,224.22203136097733,226.64535522460935,18143000,226.64535522460935,-0.013263263080393717
JPM,2025-03-12,231.45243361957904,231.76895701259835,224.785806807604,225.41883850097656,16054000,225.41883850097656,-0.005411611998036747
JPM,2025-03-13,226.8036125531792,227.001432133455,221.78880242888832,222.7383575439453,16467900,222.7383575439453,-0.011891113337537784
JPM,2025-03-14,225.63644850368712,230.601799896622,225.10233413446556,229.909423828125,11962100,229.909423828125,0.03219502183302603
JPM,2025-03-17,228.6631332535334,233.104256001696,227.95098578763776,231.38319396972656,9586000,231.38319396972656,0.006410220673265243
JPM,2025-03-18,231.76896308666025,233.59881306276077,230.9776696760403,232.4118804931641,10344900,232.4118804931641,0.004445813482772287
JPM,2025-03-19,233.17349950460147,239.6917504252032,232.33274743393625,236.50680541992188,10120600,236.50680541992188,0.01761925818107324
JPM,2025-03-20,233.98457406390995,239.12795875965384,233.62849277229176,236.40789794921875,8328500,236.40789794921875,-0.000418201372799909
JPM,2025-03-21,235.2209555583657,239.66207827569025,233.925219968294,238.99937438964844,19326900,238.99937438964844,0.01096188605757309
JPM,2025-03-24,242.80746157987303,245.98252103650395,241.74911848944075,245.359375,9422700,245.359375,0.02661095087212506
JPM,2025-03-25,246.5957574288633,249.0784406961585,244.92415405885703,248.3959503173828,9287700,248.3959503173828,0.012376031351493344
JPM,2025-03-26,249.8499575490929,251.89741367410437,247.06065155851644,248.2970428466797,12779300,248.2970428466797,-0.000398184715075911
JPM,2025-03-27,246.81336940393203,247.9112854541926,244.48894778181875,245.4187164306641,8022500,245.4187164306641,-0.011592270222053891
JPM,2025-03-28,244.25156905165645,246.7935816386226,238.4850383934776,240.2061004638672,11978400,240.2061004638672,-0.021239683927161135
JPM,2025-03-31,236.803550007372,243.18332592114768,234.7758653126784,242.62942504882807,13603000,242.62942504882807,0.010088522232704067
JPM,2025-04-01,239.9785772715359,243.0151612493872,238.2575304109505,241.00726318359372,8054700,241.00726318359372,-0.006685759012567849
JPM,2025-04-02,238.9697101846615,244.5581926758808,238.8312349664283,243.14376831054688,7758800,243.14376831054688,0.008864899334281029
JPM,2025-04-03,231.719508746669,232.5800322344828,224.82538986943263,226.20025634765625,17188500,226.20025634765625,-0.0696851582116228
JPM,2025-04-04,214.27768710386405,216.6562275673841,207.92827135214827,209.2718048095703,27170700,209.2718048095703,-0.07483833931676864
JPM,2025-04-07,204.7834355582524,220.9853795330125,201.19074317352408,213.411865234375,22914400,213.411865234375,0.019783173507639917
JPM,2025-04-08,222.4483255219985,226.74760515180637,212.2275613405164,215.8302001953125,19485700,215.8302001953125,0.011331773696282577
JPM,2025-04-09,211.48116212798968,236.3413904875764,209.9883539247333,233.2164459228516,24022400,233.2164459228516,0.08055520363603264
JPM,2025-04-10,228.897261406484,229.24558940026785,219.04473318541363,226.0211181640625,18896400,226.0211181640625,-0.03085257444138101
JPM,2025-04-11,225.22493902067103,237.43611393057705,223.92122233367357,235.0675201416016,20284500,235.0675201416016,0.04002458730857428
JPM,2025-04-14,235.96321353384425,238.6303567972165,232.5098494767974,233.59461975097656,13017800,233.59461975097656,-0.006265860931096601
JPM,2025-04-15,234.9680142266721,237.50577599086887,231.70374154597005,232.0122528076172,10912900,232.0122528076172,-0.00677398711086008
JPM,2025-04-16,230.88766518199,232.46009162059124,226.83717169766905,228.50912475585935,9322300,228.50912475585935,-0.01509889244798901
JPM,2025-04-17,229.69342787144265,233.21644858973696,229.44462650138817,230.84786987304688,9557900,230.84786987304688,0.010234799681134277
JPM,2025-04-21,229.52424145918465,230.69857661984037,225.25480150653436,227.89210510253903,8716200,227.89210510253903,-0.0128039508102602
JPM,2025-04-22,230.8677569230676,234.8585405116524,230.2606809888177,234.46044921875,10701400,234.46044921875,0.0288221661441741
JPM,2025-04-23,239.0682584037366,245.606750422832,238.84931198623207,239.72509765625,14126800,239.72509765625,0.02245431353152494
JPM,2025-04-24,238.59055573191884,244.29307860524065,236.44090835427104,243.4670562744141,9055200,243.4670562744141,0.015609373631499501
JPM,2025-04-25,243.477010599773,244.4423611143324,240.5909208295343,242.38229370117188,8588600,242.38229370117188,-0.004455479890550618
JPM,2025-04-28,243.3874504868157,245.6565177731497,239.685284875296,242.0538787841797,7394300,242.0538787841797,-0.0013549459903910988
JPM,2025-04-29,241.02881679457045,244.0741431231028,240.53121405629705,243.44715881347656,7216800,243.44715881347656,0.005756073962934316
JPM,2025-04-30,240.05351967953112,244.0442881736568,237.286834483951,243.44715881347656,12991700,243.44715881347656,0.0
JPM,2025-05-01,241.6756832769132,247.258786353575,241.0088974602604,245.70626831054688,8689600,245.70626831054688,0.00927967082499892
JPM,2025-05-02,250.0553248082222,252.4040103613177,248.2639670829103,251.29933166503903,7165000,251.29933166503903,0.022763209880437785
JPM,2025-05-05,249.9757021708876,253.93663086730425,249.38853458930063,251.34909057617188,5450700,251.34909057617188,0.00019800653986279393
JPM,2025-05-06,248.8013662569741,251.43865466504587,247.80616079194616,248.05496215820312,6369900,248.05496215820312,-0.01310579008031243
JPM,2025-05-07,248.65209135643752,251.23961645251856,247.6369775307655,248.1942901611328,8724100,248.1942901611328,0.0005616819825633446
JPM,2025-05-08,250.3638459168891,254.653179037873,250.3439375556287,252.25473022460935,8320100,252.25473022460935,0.01635992536669728
JPM,2025-05-09,253.2797976419781,254.2849497217852,251.130150135318,251.8666076660156,5087600,251.8666076660156,-0.0015386136000231643
JPM,2025-05-12,261.63950318945587,262.33615914353067,257.4596585787861,258.8031616210937,9603900,258.8031616210937,0.02754058594490716
JPM,2025-05-13,259.7784752118559,262.40583215594387,259.14155952227264,261.7489929199219,8589000,261.7489929199219,0.011382516660059627
JPM,2025-05-14,261.73903703972616,265.3615995069981,261.03244966421823,264.36639404296875,8643100,264.36639404296875,0.009999660720175552
JPM,2025-05-15,265.6899931271043,268.22775480853,263.4905976451181,266.2074890136719,9214600,266.2074890136719,0.006964179306405693
JPM,2025-05-16,266.2174507488304,267.1728394513035,263.44081911370307,266.27716064453125,8932900,266.27716064453125,0.00026171927438078946
JPM,2025-05-19,264.27678649101705,267.03352493533146,260.6741477387632,263.6100158691406,12145000,263.6100158691406,-0.010016423372304017
JPM,2025-05-20,261.2613359520205,265.3815012848607,261.0423895279866,264.4061889648437,8436300,264.4061889648437,0.0030202687598117617
JPM,2025-05-21,263.082579922779,264.3763349238983,259.4799408732281,259.7884521484375,7464000,259.7884521484375,-0.017464556463238412
JPM,2025-05-22,258.19611337099025,261.04238647892464,257.62883895562896,259.42022705078125,6514100,259.42022705078125,-0.0014174036398116874
JPM,2025-05-23,255.5787265285213,260.73388382025087,254.7726124890187,259.46002197265625,6671800,259.46002197265625,0.00015339945665537869
JPM,2025-05-27,260.7836486438675,264.0279978084463,260.73387014784373,264.01806640625,7506600,264.01806640625,0.017567424834620926
JPM,2025-05-28,264.9634996649843,265.4412092333447,261.63951697637066,262.2266845703125,5535400,262.2266845703125,-0.006785072932020686
JPM,2025-05-29,263.5304091111322,264.1375002703833,261.2713035181273,263.1024780273437,5081200,263.1024780273437,0.0033398334668581775
JPM,2025-05-30,262.18690205125534,264.057862886016,261.47035287386933,262.7342529296875,10977700,262.7342529296875,-0.0013995500932451055
JPM,2025-06-02,261.7589312182056,263.75930392737183,260.644305953624,263.3910827636719,6011200,263.3910827636719,0.002499977930780606
JPM,2025-06-03,262.46554716432524,265.30185843117926,261.61961644821946,264.99334716796875,6998400,264.99334716796875,0.006083214311907836
JPM,2025-06-04,264.64504745394464,265.83927577491863,262.9133693130791,262.95318603515625,5915700,262.95318603515625,-0.0076989145373499435
JPM,2025-06-05,263.4706932630997,263.4706932630997,259.06194020541,260.694091796875,8173800,260.694091796875,-0.008591241172408615
JPM,2025-06-06,263.0626511657531,265.37153516846195,262.99300986431126,264.4559631347656,7738100,264.4559631347656,0.014430213250946178
JPM,2025-06-09,264.7246477790378,266.6155320460647,262.0873594299272,265.4610900878906,8285000,265.4610900878906,0.0038007346902320105
JPM,2025-06-10,264.60523473595094,267.6107443161649,264.57537978675634,267.31219482421875,7538100,267.31219482421875,0.006973167840587324
JPM,2025-06-11,267.39180706659846,268.32730266845346,264.51567895803186,266.8643493652344,7434100,266.8643493652344,-0.0016753648642138241
JPM,2025-06-12,265.58052998264776,267.00369695569367,263.8688056479229,266.95391845703125,6618000,266.95391845703125,0.00033563528440549995
JPM,2025-06-13,263.80903869241,265.7397396319499,261.4504067124717,263.6796875,7098300,263.6796875,-0.012265154135799872
JPM,2025-06-16,265.7198450958534,270.42717762989383,265.5705703582536,269.063720703125,8566000,269.063720703125,0.020418839441794345
JPM,2025-06-17,266.88424967146057,269.2926297693676,266.5159981558218,268.2277526855469,6739300,268.2277526855469,-0.003106951823135251
JPM,2025-06-18,268.7054791842507,276.3884666928138,268.4268228651323,272.646484375,9586400,272.646484375,0.016473804985546625
JPM,2025-06-20,274.2487624105066,275.9704483340071,272.4971911682662,273.6814880371094,13969700,273.6814880371094,0.003796137934739763
JPM,2025-06-23,273.7412204054367,277.214477856322,270.80535205332694,276.9358215332031,8094600,276.9358215332031,0.011890952213956307
JPM,2025-06-24,278.86651506161456,281.3545287260588,278.1698894583265,279.9114990234375,9267900,279.9114990234375,0.010745007539147755
JPM,2025-06-25,280.1503355472526,282.9170054969541,279.5631679734277,282.69805908203125,6826900,282.69805908203125,0.009955146781448931
JPM,2025-06-26,283.3350001951252,288.0224093016382,283.1060920108545,287.3655700683594,8942100,287.3655700683594,0.016510587308184332
JPM,2025-06-27,284.4396739878663,287.31583238485587,283.6733767068268,285.7334289550781,17868600,285.7334289550781,-0.005679668280695549
JPM,2025-06-30,289.0076604894998,291.24687278209086,287.5347758413133,288.52001953125,12689200,288.52001953125,0.009752413591795683
JPM,2025-07-01,289.4953181761386,289.7341577572893,285.2159166625477,289.0176086425781,9338300,289.0176086425781,0.0017246259449743562
JPM,2025-07-02,290.63982282748304,291.4160819029091,288.3110456012049,290.6000061035156,8158700,290.6000061035156,0.005475090145439676
JPM,2025-07-03,292.1499938964844,296.3999938964844,291.2099914550781,296.0,6541600,296.0,0.01858222224042505
JPM,2025-07-07,295.25,296.0400085449219,290.0799865722656,291.9700012207031,8825700,291.9700012207031,-0.013614860740867818
JPM,2025-07-08,289.2699890136719,289.70001220703125,280.3099975585937,282.7799987792969,15440900,282.7799987792969,-0.03147584478879195
JPM,2025-07-09,287.17999267578125,287.20001220703125,282.4800109863281,283.1600036621094,11273800,283.1600036621094,0.001343818107549799
JPM,2025-07-10,283.0,288.3099975585937,283.0,288.19000244140625,8410900,288.19000244140625,0.01776380390678023
JPM,2025-07-11,285.5199890136719,287.3800048828125,283.6499938964844,286.8599853515625,7384700,286.8599853515625,-0.004615070191805737
JPM,2025-07-14,287.07000732421875,289.29998779296875,285.260009765625,288.70001220703125,9079900,288.70001220703125,0.006414372688521519
JPM,2025-07-15,288.0,291.95001220703125,285.4800109863281,286.54998779296875,12526100,286.54998779296875,-0.007447261250964843
JPM,2025-07-16,288.3999938964844,290.7300109863281,283.010009765625,285.82000732421875,9979800,285.82000732421875,-0.0025474803693846804
JPM,2025-07-17,283.44000244140625,290.29998779296875,283.44000244140625,289.8999938964844,8509500,289.8999938964844,0.014274671008728701
JPM,2025-07-18,289.5199890136719,292.5,288.2300109863281,291.2699890136719,12217000,291.2699890136719,0.004725750762439418
JPM,2025-07-21,291.0,294.17999267578125,290.5799865722656,290.9700012207031,7898100,290.9700012207031,-0.0010299303199227117
JPM,2025-07-22,291.5,293.6300048828125,289.17999267578125,291.42999267578125,6717500,291.42999267578125,0.0015808896214328794
JPM,2025-07-23,292.8399963378906,296.989990234375,292.54998779296875,296.760009765625,7083500,296.760009765625,0.018289185134672925
JPM,2025-07-24,297.4200134277344,299.5899963378906,296.20001220703125,296.54998779296875,7001200,296.54998779296875,-0.0007077165579759681
JPM,2025-07-25,296.70001220703125,298.8999938964844,295.9599914550781,298.6199951171875,5918500,298.6199951171875,0.006980298126546769
JPM,2025-07-28,297.6600036621094,299.42999267578125,296.82000732421875,298.2799987792969,5840400,298.2799987792969,-0.0011385585139976895
JPM,2025-07-29,300.0,301.2900085449219,296.20001220703125,297.0400085449219,7635700,297.0400085449219,-0.004157135039056015
JPM,2025-07-30,297.4200134277344,300.6099853515625,297.3800048828125,299.6300048828125,8061700,299.6300048828125,0.008719351815864584
JPM,2025-07-31,299.1400146484375,300.9800109863281,295.5,296.239990234375,14749700,296.239990234375,-0.011314002580493754
JPM,2025-08-01,290.3999938964844,291.79998779296875,284.239990234375,289.3699951171875,12006000,289.3699951171875,-0.02319064050654407
MSFT,2023-08-03,321.0084881392415,324.8290847693167,320.95926572866995,321.65838623046875,18253700,321.65838623046875,
MSFT,2023-08-04,326.79839796975773,330.00849183831787,322.2294292721677,322.7611694335937,23741500,322.7611694335937,0.0034284298197491125
MSFT,2023-08-07,323.3421934302119,326.04023060027674,322.50520210327375,325.0555419921875,17741500,325.0555419921875,0.007108576792617782
MSFT,2023-08-08,321.95371777438714,323.716318462382,318.0543600406065,321.0576477050781,22327600,321.0576477050781,-0.01229911129220329
MSFT,2023-08-09,321.4712425475284,322.101427535395,316.134217875359,317.2961730957031,22373300,317.2961730957031,-0.011715885406443527
MSFT,2023-08-10,321.0281885266093,323.2339115757913,316.2622989824461,317.9855041503906,20113700,317.9855041503906,0.0021725161320480524
MSFT,2023-08-11,315.356332296055,317.47340645136524,314.32239139441043,316.0948486328125,24355500,316.0948486328125,-0.005945728635114
MSFT,2023-08-14,316.4690422541551,319.0981436446772,315.1790727103108,319.0784606933594,18836100,319.0784606933594,0.00943897717236375
MSFT,2023-08-15,318.05438303591984,320.11237837893884,315.98653119187856,316.93182373046875,16966300,316.93182373046875,-0.00672761476354744
MSFT,2023-08-16,316.5568431655668,320.1289875880266,315.57006992613054,316.1621398925781,20698900,316.1621398925781,-0.002428547025764116
MSFT,2023-08-17,316.3003762492251,317.6127717131289,312.0276302637853,312.68878173828125,21257200,312.68878173828125,-0.010986002800578931
MSFT,2023-08-18,310.3303374450524,314.1689001847318,307.429221422088,312.2940368652344,24755000,312.2940368652344,-0.0012624209632735583
MSFT,2023-08-21,313.7248225983837,318.50080167384647,312.8466100358653,317.6225891113281,24040000,317.6225891113281,0.017062612849034986
MSFT,2023-08-22,321.1946842855857,321.7669995051517,317.2081120302946,318.19488525390625,16084600,318.19488525390625,0.0018018118427260976
MSFT,2023-08-23,319.5369338888436,324.8457790055064,319.18167984531766,322.67486572265625,21166400,322.67486572265625,0.014079360405731212
MSFT,2023-08-24,328.4474989260688,328.5757842732972,315.7279766344483,315.73785400390625,23281400,315.73785400390625,-0.02149845697840147
MSFT,2023-08-25,317.2180314460419,321.05656413544324,314.5833333396425,318.70806884765625,21684100,318.70806884765625,0.009407218064240164
MSFT,2023-08-28,321.3526159371164,321.83612524691614,317.46472649074093,319.4185485839844,14808500,319.4185485839844,0.002229249290414792
MSFT,2023-08-29,317.6225348769875,324.6286300119175,317.6225348769875,324.066162109375,19284600,324.066162109375,0.014550230554843946
MSFT,2023-08-30,324.32281515894806,325.4477211359216,322.13217708385923,324.44122314453125,15222100,324.44122314453125,0.0011573594500424722
MSFT,2023-08-31,324.8457912046821,326.5331651614873,322.4577865038684,323.4248352050781,26411000,323.4248352050781,-0.0031327336569692
MSFT,2023-09-01,326.9278705558269,327.5988691949411,322.45778856177515,324.3129272460937,14942000,324.3129272460937,0.002745899338411739
MSFT,2023-09-05,324.64840775182194,330.4210374382803,324.3129084517076,329.1382141113281,18553900,329.1382141113281,0.014878490679383072
MSFT,2023-09-06,328.9705290461866,330.036231094412,325.81284204251835,328.4771423339844,17535800,328.4771423339844,-0.0020084929339749813
MSFT,2023-09-07,326.90816935169704,328.6744720623306,324.6780518228213,325.5464172363281,18381000,325.5464172363281,-0.008922158409051195
MSFT,2023-09-08,325.72395862384866,331.71367911357964,325.1022866960148,329.8486633300781,19530100,329.8486633300781,0.013215461347334756
MSFT,2023-09-11,332.7794004894833,333.9438158086064,330.9933433198764,333.4701538085937,16583300,333.4701538085937,0.010979248610419656
MSFT,2023-09-12,331.37819404327416,332.33536528300334,327.0956018294752,327.3817443847656,17565500,327.3817443847656,-0.018257734175882834
MSFT,2023-09-13,326.9278477470877,332.3945800625575,326.7897151493459,331.6150207519531,16544400,331.6150207519531,0.012930703803118115
MSFT,2023-09-14,334.6641532003969,336.3515270839073,332.1182913781519,334.2201232910156,20267000,334.2201232910156,0.007855803796689598
MSFT,2023-09-15,332.46368837349866,332.93732030579133,325.28982688834475,325.852294921875,37679800,325.852294921875,-0.025036877752134923
MSFT,2023-09-18,323.4642063210302,326.0298223735685,322.04325066466816,324.7075500488281,16834200,324.7075500488281,-0.003513079057249957
MSFT,2023-09-19,321.8558307484151,325.0332416851502,320.21778360821713,324.3030090332031,16505900,324.3030090332031,-0.0012458626710840637
MSFT,2023-09-20,325.1517024368806,325.2306310562654,316.27074211639325,316.5272827148437,21436500,316.5272827148437,-0.02397673195059169
MSFT,2023-09-21,315.0372319704766,321.046677345135,310.8335683618871,315.3036499023437,35560400,315.3036499023437,-0.0038658051906456103
MSFT,2023-09-22,317.0699762255431,317.19826156154136,311.9683454610341,312.8169860839844,21447900,312.8169860839844,-0.007886568452758147
MSFT,2023-09-25,312.4025496745988,313.4682816827549,310.83358377019226,313.3399963378906,17836000,313.3399963378906,0.0016719368741882068
MSFT,2023-09-26,310.9618559252266,311.7019358551928,305.9194290098136,308.01141357421875,26297600,308.01141357421875,-0.01700575357742007
MSFT,2023-09-27,308.1692621621633,310.14280858680456,305.5937985326922,308.6528015136719,19410100,308.6528015136719,0.002082351209035771
MSFT,2023-09-28,306.87663419975775,311.3072670146853,305.35702492417727,309.4916076660156,19683600,309.4916076660156,0.0027176366073144997
MSFT,2023-09-29,313.5472160333315,315.2444673136632,310.81386483371,311.5736694335937,24147300,311.5736694335937,0.006727360988169062
MSFT,2023-10-02,312.096662288964,317.6324762351651,311.0112056216763,317.54364013671875,20570000,317.54364013671875,0.019160703515087807
MSFT,2023-10-03,316.5864693213822,317.13909008245986,307.09371485170817,309.2449035644531,21033500,309.2449035644531,-0.026134160862716693
MSFT,2023-10-04,309.87636558658403,315.80688174921545,309.8467635971668,314.7411499023437,20720100,314.7411499023437,0.017773118568937152
MSFT,2023-10-05,314.869507327209,315.74775007089806,310.73492454627984,315.13592529296875,16965600,315.13592529296875,0.0012542859131943196
MSFT,2023-10-06,312.36306369557445,324.8358921681667,312.1163703803469,322.9314270019531,25673600,322.9314270019531,0.024736950259597323
MSFT,2023-10-09,320.45466270221294,325.9312430446216,318.90542123178176,325.4576110839844,19891200,325.4576110839844,0.007822664103905863
MSFT,2023-10-10,326.5824933644532,326.720656085552,323.3360307858184,324.0465087890625,20557100,324.0465087890625,-0.004335748333621714
MSFT,2023-10-11,326.82917598535187,328.4178966562557,324.786578142663,328.023193359375,20063200,328.023193359375,0.012271956223731895
MSFT,2023-10-12,326.197653564225,329.2171774212292,324.37211695571347,326.77984619140625,19313100,326.77984619140625,-0.0037904245588102903
MSFT,2023-10-13,327.9837540505877,329.4145574407589,322.0433587912117,323.395263671875,21072400,323.395263671875,-0.010357378397040984
MSFT,2023-10-16,326.6712993129767,331.6940020700412,326.227269382208,328.24029541015625,22158000,328.24029541015625,0.014981764677905574
MSFT,2023-10-17,325.23060698695457,329.04941482391666,323.0794484292033,327.6679382324219,18338500,327.6679382324219,-0.0017437139368253751
MSFT,2023-10-18,328.09230008142634,331.151303848884,323.9577168496764,325.7437744140625,23153600,325.7437744140625,-0.005872298122114428
MSFT,2023-10-19,327.75675274742485,332.42420139961934,326.5331634650962,326.937744140625,25052100,326.937744140625,0.0036653646833624265
MSFT,2023-10-20,327.3324672110484,327.5298339328588,321.1454089520383,322.3492736816406,25027700,322.3492736816406,-0.014034691745504757
MSFT,2023-10-23,321.1650893461635,328.329072743361,320.09938749138905,324.96417236328125,24374700,324.96417236328125,0.008112004261015215
MSFT,2023-10-24,326.91797719567256,327.450843201344,323.2669341104162,326.1581726074219,31153600,326.1581726074219,0.003674251950475993
MSFT,2023-10-25,340.4565021251705,341.6209174681372,333.15438596388094,336.1640625,55053800,336.1640625,0.030678029045194677
MSFT,2023-10-26,336.0358080707796,337.11138741830564,322.61568436699,323.5531311035156,37828500,323.5531311035156,-0.037514216429617275
MSFT,2023-10-27,326.059518061042,332.2663310024127,324.0563693205719,325.4477233886719,29856500,325.4477233886719,0.00585558321965407
MSFT,2023-10-30,329.0001007639954,334.9602201307453,327.44098203313024,332.8485107421875,22828100,332.8485107421875,0.022740326085111784
MSFT,2023-10-31,334.368141661427,334.5161516349393,330.2631610837394,333.6379089355469,20265300,333.6379089355469,0.0023716440599332866
MSFT,2023-11-01,335.2956801422372,342.82476461304486,335.15751743704527,341.4926147460937,28158800,341.4926147460937,0.023542605921511806
MSFT,2023-11-02,342.6471889967684,344.2161551038278,340.2098574713261,343.7129211425781,24348100,343.7129211425781,0.006501769879080133
MSFT,2023-11-03,345.00558172330744,349.70263264932424,342.73598488058093,348.1336364746094,23637700,348.1336364746094,0.012861650115846057
MSFT,2023-11-06,348.775021621636,352.810920650958,348.6763382726154,351.81427001953125,23828300,351.81427001953125,0.010572473209408795
MSFT,2023-11-07,354.6462939673867,357.66581765167786,352.89971618574515,355.7613525390625,25833900,355.7613525390625,0.011219222345108859
MSFT,2023-11-08,356.8961121232717,359.05714776999326,355.7810536253646,358.3960266113281,26767800,358.3960266113281,0.007405734359457572
MSFT,2023-11-09,357.50800229393934,359.9650886165862,355.59365942714123,355.9193115234375,24847300,355.9193115234375,-0.006910553979373679
MSFT,2023-11-10,356.7086886877949,365.2048228913201,356.2942607445592,364.780517578125,28042100,364.780517578125,0.024896671149309046
MSFT,2023-11-13,363.3496870103211,363.5963803497688,361.0603655929023,361.8300476074219,19986500,361.8300476074219,-0.008088343068023751
MSFT,2023-11-14,366.1027913524832,367.0303607134673,362.491197266639,365.37255859375,27683900,365.37255859375,0.009790538430273443
MSFT,2023-11-15,367.1127890598003,368.9420308791072,362.9895794473633,365.5208740234375,26860100,365.5208740234375,0.00040592930749472345
MSFT,2023-11-16,366.7963915526401,372.12590947641365,366.02514736390873,371.9479370117188,27182300,371.9479370117188,0.017583299463956648
MSFT,2023-11-17,369.41663021620167,370.1681097203814,362.8808345734408,365.6988525390625,40157000,365.6988525390625,-0.01680096554066768
MSFT,2023-11-20,367.053455411311,374.6175863426899,366.8359234680207,373.2036437988281,52465100,373.2036437988281,0.020521779621837766
MSFT,2023-11-21,371.4535449403904,371.9973597461241,366.9545954086588,368.8827209472656,28423100,368.8827209472656,-0.011577922465011214
MSFT,2023-11-22,373.7573802099264,375.5272979461787,370.76138971842033,373.6090698242188,23345300,373.6090698242188,0.012812605764824792
MSFT,2023-11-24,373.0948724585258,373.72770364641934,370.9294805610231,373.1937561035156,10176600,373.1937561035156,-0.0011116264412386334
MSFT,2023-11-27,372.55105716724864,376.3677485982953,371.97758030717006,374.3605041503906,22179200,374.3605041503906,0.003126386837381423
MSFT,2023-11-28,374.1034504184605,378.701253333848,373.91558054196696,378.4046325683594,20453100,378.4046325683594,0.01080276464299268
MSFT,2023-11-29,379.45276464211935,379.9866820647469,373.2036918082984,374.5978698730469,28963400,374.5978698730469,-0.0100600319543519
MSFT,2023-11-30,374.2418357936464,375.8238835014073,371.2557429993473,374.6571350097656,30554400,374.6571350097656,0.00015821002062521572
MSFT,2023-12-01,372.5312953105145,373.91557582374776,367.1424534634021,370.3065490722656,33040500,370.3065490722656,-0.01161217959291394
MSFT,2023-12-04,364.9572971928997,365.3725662940193,358.8268727544712,364.9968566894531,32063300,364.9968566894531,-0.014338640232302025
MSFT,2023-12-05,362.3370491278429,368.8926099608851,361.516347987056,368.3388977050781,23065000,368.3388977050781,0.009156355607929267
MSFT,2023-12-06,369.3474332518956,369.9802342655692,363.8992672788477,364.6606140136719,21182100,364.6606140136719,-0.009986139705373653
MSFT,2023-12-07,364.0970268782678,367.28088706354185,362.208460944063,366.7864990234375,23118900,366.7864990234375,0.0058297631498145375
MSFT,2023-12-08,365.0561810967727,370.2571233325587,364.0970669863145,370.02972412109375,20154400,370.02972412109375,0.008842269566331495
MSFT,2023-12-11,364.3442122944924,367.42918876388495,361.9909204511594,367.1325378417969,27708800,367.1325378417969,-0.007829604192415518
MSFT,2023-12-12,366.6876305328375,370.2175685270605,366.301993361596,370.1780090332031,24838300,370.1780090332031,0.008295290875903305
MSFT,2023-12-13,371.7995652934086,373.4014078665919,366.6084909494342,370.1680908203125,30955500,370.1680908203125,-2.6793090482368775e-05
MSFT,2023-12-14,369.119987062923,369.5649483581572,360.04303011057067,361.8228149414063,43277500,361.8228149414063,-0.02254455769110897
MSFT,2023-12-15,362.7324834814476,368.2201782393624,362.16887391656695,366.5689392089844,78502300,366.5689392089844,0.01311726091221388
MSFT,2023-12-18,365.3033115595372,368.8134543499527,364.54193471439714,368.4673767089844,21802900,368.4673767089844,0.005178937157350516
MSFT,2023-12-19,367.3203733540517,369.0705261230469,365.6888990478229,369.0705261230469,20603700,369.0705261230469,0.001636914017869362
MSFT,2023-12-20,370.791080240926,371.8095185343189,366.3712493574519,366.4602355957031,26316700,366.4602355957031,-0.007072606297674033
MSFT,2023-12-21,368.3784311602655,370.2076730287321,365.8867261852794,369.3474426269531,17708000,369.3474426269531,0.00787863661812227
MSFT,2023-12-22,369.4858399809148,370.9690041075322,368.5267259720335,370.375732421875,17107500,370.375732421875,0.002784071787822029
MSFT,2023-12-26,370.7910142162584,372.70924214380784,369.3078501593934,370.454833984375,12673100,370.454833984375,0.00021357112676567702
MSFT,2023-12-27,369.4957507248787,370.8503691813732,368.6256229112042,369.8714904785156,14905400,369.8714904785156,-0.001574668359932807
MSFT,2023-12-28,371.1568878412429,372.23465019250256,369.9604771834302,371.0679016113281,14327000,371.0679016113281,0.0032346670765692753
MSFT,2023-12-29,371.779837477101,372.9268214477709,369.2881324080931,371.81939697265625,18730800,371.81939697265625,0.0020252233029718347
MSFT,2024-01-02,369.6638284252025,371.6809401736738,362.6534093044701,366.7073974609375,25258600,366.7073974609375,-0.013748609011096535
MSFT,2024-01-03,364.86827930524817,369.0705777416299,364.3738912539091,366.4404296875,23083500,366.4404296875,-0.0007280130569657928
MSFT,2024-01-04,366.5096417702584,368.9123603955636,363.0489255004596,363.8102722167969,20901500,363.8102722167969,-0.007177585379828599
MSFT,2024-01-05,364.82871403904,367.8840285269613,362.3864358970699,363.6224060058594,21004600,363.6224060058594,-0.0005163851196196001
MSFT,2024-01-08,365.1550398845479,370.98884362527417,364.8683165115709,370.4845581054688,23134000,370.4845581054688,0.018871642633316865
MSFT,2024-01-09,367.83460167151895,371.769911184576,367.0237980384077,371.5721740722656,20830000,371.5721740722656,0.002935658026770538
MSFT,2024-01-10,372.14568493728495,379.8581572234937,372.096258198453,378.4738464355469,25514200,378.4738464355469,0.01857424437261268
MSFT,2024-01-11,381.6675761983364,386.29504112370273,376.1106593210736,380.3129577636719,27850800,380.3129577636719,0.0048592824720801175
MSFT,2024-01-12,381.1632692761554,384.3174672848406,380.3327010164304,384.1098327636719,21661200,384.1098327636719,0.009983554129542327
MSFT,2024-01-16,389.2415832112696,389.607425521524,383.2693674241333,385.8896179199219,27202300,385.8896179199219,0.004633531881869324
MSFT,2024-01-17,383.6253356636217,385.7314032642197,380.490902365934,385.0986022949219,22234100,385.0986022949219,-0.0020498494602261275
MSFT,2024-01-18,387.32338662433057,389.5678975751004,385.7413387822442,389.4492492675781,23392100,389.4492492675781,0.011297488349034213
MSFT,2024-01-19,391.3180012232836,394.1953430175781,389.0833577969474,394.1953430175781,29331100,394.1953430175781,0.012186680957597895
MSFT,2024-01-22,395.5302150306271,396.1234867411943,389.1723917829239,392.05963134765625,27016900,392.05963134765625,-0.005417901829009253
MSFT,2024-01-23,391.30812148964645,394.8973833764225,389.5085418380042,394.4227600097656,20525900,394.4227600097656,0.006027472540303114
MSFT,2024-01-24,397.0331767370542,401.0772674984209,395.9554143735161,398.0417175292969,24867000,398.0417175292969,0.009175326290606689
MSFT,2024-01-25,399.7819603610059,402.4417704864517,398.0120426913666,400.3257751464844,21021200,400.3257751464844,0.005738236764138538
MSFT,2024-01-26,399.8313651440485,401.611180132996,397.9131371996,399.3963012695313,17803300,399.3963012695313,-0.002321793735646782
MSFT,2024-01-29,401.5024742961571,405.3784904020834,399.7918805520145,405.1213989257813,24510200,405.1213989257813,0.014334378255512314
MSFT,2024-01-30,407.6329115148053,408.4140230359105,401.88812384536845,404.0040893554688,33477600,404.0040893554688,-0.0027579623620849203
MSFT,2024-01-31,402.39230877230926,410.65849256823645,392.7517419035558,393.1175842285156,47871100,393.1175842285156,-0.02694652211149906
MSFT,2024-02-01,397.3198908735355,403.4206527472509,397.2902287972473,399.2480163574219,30657700,399.2480163574219,0.015594398151731248
MSFT,2024-02-02,399.27768793699545,408.0184653335539,399.0304939036933,406.6045227050781,28256700,406.6045227050781,0.018425905818578725
MSFT,2024-02-05,405.2993137686751,406.5451812996676,399.4556434483769,401.0970153808594,25352300,401.0970153808594,-0.013545120668058797
MSFT,2024-02-06,401.3244494199643,403.3909878537456,398.38778318773774,400.9388122558594,18382600,400.9388122558594,-0.0003944260837986935
MSFT,2024-02-07,402.8669448083425,409.6499345085534,402.8273853145217,409.4027404785156,22340500,409.4027404785156,0.021110274096524773
MSFT,2024-02-08,409.40274249689327,410.895804101699,407.89981364987307,409.4620666503906,21225300,409.4620666503906,0.0001449090736560521
MSFT,2024-02-09,410.5893320035395,416.0968228801338,410.431124184771,415.829833984375,22032800,415.829833984375,0.015551543971034976
MSFT,2024-02-12,415.83968350613833,416.0176559661079,410.0948966506066,410.5991821289063,21202900,410.5991821289063,-0.012578827751125843
MSFT,2024-02-13,400.39503602074313,405.46746274434776,398.86244498390863,401.7595520019531,27824900,401.7595520019531,-0.021528611141212628
MSFT,2024-02-14,404.23605848087817,405.9894178790187,400.768942105528,405.6427001953125,20401200,405.6427001953125,0.009665353752038586
MSFT,2024-02-15,404.305376055088,405.2860649354581,400.49154229797136,402.7402038574219,21825500,402.7402038574219,-0.007155302773828032
MSFT,2024-02-16,404.1270543842311,404.45397083978673,399.6495323619633,400.2637023925781,22296500,400.2637023925781,-0.006149128994632158
MSFT,2024-02-20,399.4513996951192,400.68965547755954,394.27055684913546,399.0056457519531,24307900,399.0056457519531,-0.0031430695141851928
MSFT,2024-02-21,396.41027241644326,398.510349418034,393.4879766336977,398.4013671875,18518900,398.4013671875,-0.001514461188423355
MSFT,2024-02-22,406.3360744839896,408.9512547225344,404.73129998270167,407.7823486328125,27009900,407.7823486328125,0.02354655936935468
MSFT,2024-02-23,411.76461952225566,411.9528065802778,405.1275567366277,406.4846801757813,16295900,406.4846801757813,-0.0031822575483758664
MSFT,2024-02-26,407.5941515550284,408.2875868525748,403.53266673551263,403.71099853515625,16193500,403.71099853515625,-0.006823582230517489
MSFT,2024-02-27,404.1567686089776,404.4836850623454,400.055681208624,403.6515808105469,14835800,403.6515808105469,-0.00014717886018700277
MSFT,2024-02-28,404.3449824000404,405.45445472615467,401.51186772663095,403.8893127441406,13183100,403.8893127441406,0.000588953307494533
MSFT,2024-02-29,404.80069987993255,410.3084593316979,402.1062540147567,409.7537231445313,31947300,409.7537231445313,0.014519845451087088
MSFT,2024-03-01,407.4059534745647,411.9627407983519,407.019633390637,411.5962219238281,17823400,411.5962219238281,0.004496600458336664
MSFT,2024-03-04,409.55559222110224,413.4288600615765,408.44611984108144,411.0216979980469,17596000,411.0216979980469,-0.0013958435359194832
MSFT,2024-03-05,410.0706791695835,410.3579629734194,396.8758486343361,398.866943359375,26919200,398.866943359375,-0.029572051056851123
MSFT,2024-03-06,399.1839316978577,401.3533581622104,394.6469759902315,398.3121948242188,22344100,398.3121948242188,-0.0013908110070088853
MSFT,2024-03-07,402.3043446808418,405.92996122894976,398.46079390642615,405.2959899902344,18718500,405.2959899902344,0.017533470621198477
MSFT,2024-03-08,404.1270542383835,406.5639633814232,400.5311546136932,402.4034118652344,18002200,402.4034118652344,-0.0071369522433955
MSFT,2024-03-11,399.9665214154685,401.8684653107991,397.490009925093,400.7193603515625,16120800,400.7193603515625,-0.004184983188551761
MSFT,2024-03-12,403.7902606875989,411.6655797102191,402.96807213356095,411.3782958984375,22457000,411.3782958984375,0.026599502298874755
MSFT,2024-03-13,414.1717647960068,414.25099985774233,407.5842506420183,411.199951171875,17115900,411.199951171875,-0.00043352974218779927
MSFT,2024-03-14,416.29166230285614,423.8004620076516,414.062801980308,421.2248840332031,34157300,421.2248840332031,0.02437970343322804
MSFT,2024-03-15,415.35059863846544,418.6294973468436,408.9116689331783,412.507568359375,45079900,412.507568359375,-0.02069515834477853
MSFT,2024-03-18,410.357915290102,416.7770433514335,409.8923299645461,413.3990783691406,20106000,413.3990783691406,0.0021611967346717442
MSFT,2024-03-19,413.9043022348706,417.7082504608342,411.6457249805596,417.45068359375,19837900,417.45068359375,0.009800711797890216
MSFT,2024-03-20,418.0351082396885,421.9578936817544,416.7077018080513,421.2347717285156,17860100,421.2347717285156,0.009064754912338824
MSFT,2024-03-21,425.7915766495499,426.7722957944647,423.1466792053097,425.3359069824219,21296200,425.3359069824219,0.009735984608007175
MSFT,2024-03-22,425.6628553136733,425.8213254638717,422.06695538505966,424.71185302734375,17648500,424.71185302734375,-0.0014672026152353634
MSFT,2024-03-25,421.24466758284495,423.39429274983,417.6487682429412,418.8870239257813,18060500,418.8870239257813,-0.013714778761278024
MSFT,2024-03-26,421.6112012034168,421.9876357811286,417.3912462453885,417.68841552734375,16725600,417.68841552734375,-0.002861412099148586
MSFT,2024-03-27,420.4522190231072,420.4621347429845,415.073243298201,417.4704895019531,16705000,417.4704895019531,-0.0005217430440714876
MSFT,2024-03-28,417.0049168339557,417.9063706755069,415.1822079413489,416.7671813964844,21871200,416.7671813964844,-0.0016846893927946471
MSFT,2024-04-01,419.96685412288895,423.8698388685194,418.2530971925755,420.5810241699219,16316000,420.5810241699219,0.009151015107903282
MSFT,2024-04-02,416.1628866591322,418.41157846327263,413.91422508584526,417.48040771484375,17912000,417.48040771484375,-0.0073722214671897435
MSFT,2024-04-03,415.7864888048433,419.2833219106777,415.1524873360607,416.4997253417969,16502300,416.4997253417969,-0.002349050051030699
MSFT,2024-04-04,420.9970416568271,424.6424895808556,413.64677241260966,413.953857421875,19370900,413.953857421875,-0.006112532049889374
MSFT,2024-04-05,416.0638533461552,422.5027833332265,414.38972913104834,421.5220642089844,16554800,421.5220642089844,0.018282730433397898
MSFT,2024-04-08,421.175397711729,423.26555903906655,419.3229415986936,420.600830078125,14272400,420.600830078125,-0.0021854944475756533
MSFT,2024-04-09,422.43343322697575,423.72120713043927,417.6587117409711,422.2749328613281,12496900,422.2749328613281,0.0039802650481981505
MSFT,2024-04-10,418.223340545814,420.04604930389615,415.7567448715327,419.2832946777344,16216600,419.2832946777344,-0.007084574410615496
MSFT,2024-04-11,421.8192626102262,425.3358968860911,418.3917488907738,423.909423828125,17966400,423.909423828125,0.011033421100037577
MSFT,2024-04-12,420.0658901447868,421.1852782373019,415.826103447937,417.9360961914063,19253800,417.9360961914063,-0.01409104705145836
MSFT,2024-04-15,422.5919509817317,422.8098852146082,409.5456744012026,409.7537231445313,20273500,409.7537231445313,-0.01957804822660647
MSFT,2024-04-16,410.67498999844975,414.4689926264047,409.842885693827,410.6848754882813,16765600,410.6848754882813,0.002272468292915386
MSFT,2024-04-17,413.32978630581465,414.9444767069898,406.4747888910302,407.9706115722656,15855500,407.9706115722656,-0.006609115840432556
MSFT,2024-04-18,406.77194017472544,408.02011154775664,400.1547092155413,400.4716796875,21029900,400.4716796875,-0.0183810590078185
MSFT,2024-04-19,400.23398957432255,401.67037838778936,394.03279488372993,395.3701171875,30565800,395.3701171875,-0.01273888456727057
MSFT,2024-04-22,396.3210731778114,399.0650672544813,392.0317685818269,397.19281005859375,20286900,397.19281005859375,0.004610092649539821
MSFT,2024-04-23,400.4420226888204,404.36483895374073,399.2731164319855,403.7407531738281,15734500,403.7407531738281,0.016485552984376595
MSFT,2024-04-24,405.7120076101216,408.5946705531457,402.9581280988765,405.2167053222656,15065300,405.2167053222656,0.0036556927603541567
MSFT,2024-04-25,390.3279243801568,396.1328829826048,384.3842968555106,395.2908630371094,40586500,395.2908630371094,-0.02449514581898171
MSFT,2024-04-26,408.2975458887344,409.11973447484337,401.947766236858,402.5025024414063,29694700,402.5025024414063,0.018243880844824645
MSFT,2024-04-29,401.4425169456961,402.50247113048255,395.4394554463583,398.470703125,19582100,398.470703125,-0.010016830434472213
MSFT,2024-04-30,397.7178445929872,398.3815629989462,385.5136184848535,385.6720886230469,28781400,385.6720886230469,-0.032119336256292375
MSFT,2024-05-01,388.9213052218233,397.9457299553029,386.6429264545725,391.22943115234375,23562500,391.22943115234375,0.01440950147348774
MSFT,2024-05-02,393.9238712597776,396.1725330606827,390.9421414189957,394.1021728515625,17709400,394.1021728515625,0.007342856826382471
MSFT,2024-05-03,398.500380810565,403.324619934145,398.08431361506535,402.8392333984375,17446700,402.8392333984375,0.022169531529494524
MSFT,2024-05-06,404.9195739796284,410.040983186617,402.5520143110461,409.6546630859375,16996600,409.6546630859375,0.016918485396776317
MSFT,2024-05-07,410.7641341827589,410.7740499032866,405.2464589410717,405.4941101074219,20018200,405.4941101074219,-0.010156244645609713
MSFT,2024-05-08,404.33507234714784,408.3569244004072,402.88876793839216,406.6828002929688,11792300,406.6828002929688,0.0029314610395501095
MSFT,2024-05-09,406.7125174764096,408.842311213407,405.25632757821904,408.4460754394531,14689700,408.4460754394531,0.00433575047976964
MSFT,2024-05-10,409.06027703547176,411.47735474348696,407.9309732500374,410.8433532714844,13402300,410.8433532714844,0.005869263964531912
MSFT,2024-05-13,414.0826182503801,414.41942017019113,406.9601691065583,409.8329162597656,15440200,409.8329162597656,-0.0024594215865312297
MSFT,2024-05-14,408.1489171745,413.5675258214196,407.68333177957805,412.6462707519531,15109300,412.6462707519531,0.0068646377110528345
MSFT,2024-05-15,414.7203513205961,420.5853880060552,414.095139906024,419.8609313964844,22239500,419.8609313964844,0.017483886698852702
MSFT,2024-05-16,418.59066930665216,422.18315151911617,417.151719986036,417.7868347167969,17530100,417.7868347167969,-0.004939961126625758
MSFT,2024-05-17,419.3250758156108,419.7021893979302,414.84938085500266,417.0127868652344,15352200,417.0127868652344,-0.0018527339476535065
MSFT,2024-05-20,417.0127568242458,423.52284159685394,416.7944295178616,422.1037292480469,16272100,422.1037292480469,0.012208120573669046
MSFT,2024-05-21,423.58239750259565,429.6756950854867,421.6174819616407,425.7756042480469,21453300,425.7756042480469,0.008698987347354636
MSFT,2024-05-22,426.8176027078419,429.1199579656232,423.8801327186548,427.2443237304688,18073700,427.2443237304688,0.003449515349795096
MSFT,2024-05-23,429.6757070386861,430.3009184683396,422.183164058962,423.7511291503906,17211700,423.7511291503906,-0.008176105301007763
MSFT,2024-05-24,423.93965100741593,427.7802005755344,421.180804345367,426.8870544433594,11855300,426.8870544433594,0.0074003939511764205
MSFT,2024-05-28,426.3611154416687,427.5420636122572,423.3541707575322,427.0458679199219,15718000,427.0458679199219,0.0003720269211948679
MSFT,2024-05-29,422.4510995765547,427.66115445230247,422.4510995765547,425.9046325683594,15517100,425.9046325683594,-0.002672395256091087
MSFT,2024-05-30,421.071626093263,421.071626093263,411.08817181006793,411.5149230957031,28394500,411.5149230957031,-0.03378622436173351
MSFT,2024-05-31,413.5791047255822,413.5791047255822,401.4322440105668,411.971435546875,47995300,411.971435546875,0.0011093460420283918
MSFT,2024-06-03,412.3684041830937,413.2615504010757,405.80871145548105,410.3736877441406,17484700,410.3736877441406,-0.0038782975344235915
MSFT,2024-06-04,409.2919473930987,413.2714463024523,406.5628712460692,412.9042663574219,14348900,412.9042663574219,0.006166522583823664
MSFT,2024-06-05,414.6310359031759,420.8533188907335,413.1325152430589,420.7838745117188,16988000,420.7838745117188,0.019083377906965238
MSFT,2024-06-06,420.7838790172518,422.07397569799485,417.3799535645987,421.28997802734375,14861300,421.28997802734375,0.0012027635712328344
MSFT,2024-06-07,422.9571866609439,423.0365646398439,419.7815223681209,420.62506103515625,13621700,420.62506103515625,-0.0015782881788475311
MSFT,2024-06-10,421.4686381861944,424.8228956664724,420.664803577901,424.614501953125,13982900,424.614501953125,0.00948455355501343
MSFT,2024-06-11,422.24270893938,429.52685827022987,422.0144480118505,429.3879089355469,14551100,429.3879089355469,0.011241742711248337
MSFT,2024-06-12,432.00784546900513,440.02635491441,429.95358793616725,437.70416259765625,22366200,437.70416259765625,0.01936769408045369
MSFT,2024-06-13,437.4957579814608,440.01644063600304,436.0270077958649,438.2201843261719,15960600,438.2201843261719,0.0011789280811340674
MSFT,2024-06-14,434.94529966913103,439.7683376003339,433.3971715147652,439.2026672363281,13582000,439.2026672363281,0.002241984612523007
MSFT,2024-06-17,439.22250553797545,447.5089797746042,437.3667384679764,444.9585266113281,20790000,444.9585266113281,0.013105246858400532
MSFT,2024-06-18,446.2882931198359,446.7150444053596,441.50498996272177,442.9439392089844,17112500,442.9439392089844,-0.004527584666567108
MSFT,2024-06-20,442.9042790324355,443.1325399619797,437.912551396736,442.3088684082031,19877400,442.3088684082031,-0.0014337498373165891
MSFT,2024-06-21,443.9760852156284,447.1517196376837,443.1127095124904,446.3578186035156,34187100,446.3578186035156,0.009154123926757407
MSFT,2024-06-24,446.37762314479846,449.3051897809916,443.0134321712583,444.2638549804688,15913700,444.2638549804688,-0.0046912220101756885
MSFT,2024-06-25,444.8394216277891,447.9853155257159,443.3508346061679,447.5188903808594,16413400,447.5188903808594,0.0073268067251017754
MSFT,2024-06-26,445.5837356077352,450.1487420741559,444.7799010019638,448.7196960449219,16507000,448.7196960449219,0.0026832513439611905
MSFT,2024-06-27,448.73953390240615,452.6991961641024,448.3326497960473,449.4044494628906,14806300,449.4044494628906,0.001526015960530147
MSFT,2024-06-28,449.62274649126965,451.9151680373726,443.0134166089306,443.54931640625,28362300,443.54931640625,-0.013028649501887313
MSFT,2024-07-01,445.2463078469115,453.8900280472802,442.2691337894114,453.2549133300781,17662800,453.2549133300781,0.021881663582451916
MSFT,2024-07-02,449.7517960549086,456.0931613731061,449.6624541774822,455.7855224609375,13979800,455.7855224609375,0.005583191834076073
MSFT,2024-07-03,454.7038037499945,457.5122579984809,454.39616484845857,457.26416015625,9932800,457.26416015625,0.0032441523972259745
MSFT,2024-07-05,456.1129790053472,464.78650009669735,455.4778642825478,464.0025024414063,16000300,464.0025024414063,0.014736213489493277
MSFT,2024-07-08,463.0002048353039,464.14147919648303,460.9261104019808,462.6925659179688,12962300,462.6925659179688,-0.002823123833481711
MSFT,2024-07-09,463.4467488725584,463.7742246843102,454.5152269456782,456.0435180664063,17207200,456.0435180664063,-0.014370336463848221
MSFT,2024-07-10,457.7107566662892,462.9108778421965,455.36869724486377,462.7024841308594,18196100,462.7024841308594,0.01460160226086904
MSFT,2024-07-11,459.4573555661208,461.2436478720172,448.1142994819232,451.2403564453125,23111200,451.2403564453125,-0.02477213345218443
MSFT,2024-07-12,450.8731851979607,452.8877385900335,447.2211920029864,450.09912109375,16324300,450.09912109375,-0.0025291074596091034
MSFT,2024-07-15,449.851029974842,453.7809219031339,447.99526281806254,450.5060119628906,14429400,450.5060119628906,0.0009040028075413264
MSFT,2024-07-16,450.764044396858,450.84342238707205,443.26156747822,446.0997924804688,17175700,446.0997924804688,-0.009780600847530518
MSFT,2024-07-17,439.2224690864367,441.4652831527976,435.8384110633041,440.1453857421875,21778000,440.1453857421875,-0.013347701206433582
MSFT,2024-07-18,440.9591735754704,441.2668124744543,431.0948010273652,437.0193786621094,20794800,437.0193786621094,-0.007102214816604224
MSFT,2024-07-19,429.8047108650733,437.7835460054657,428.7130742947466,433.7841796875,20940400,433.7841796875,-0.00740287303623377
MSFT,2024-07-22,438.4285802305258,441.2171974836031,435.5704883148956,439.56982421875,15808800,439.56982421875,0.013337610734024397
MSFT,2024-07-23,440.5225176097392,444.9783753997072,439.7286166377608,441.4653015136719,13107100,441.4653015136719,0.004312118781790275
MSFT,2024-07-24,437.0987650096395,438.12092684847374,424.3365970027885,425.6366271972656,26805800,425.6366271972656,-0.03585485487111617
MSFT,2024-07-25,425.5374484396514,426.5298399054952,414.3333705957519,415.2165832519531,29943800,415.2165832519531,-0.02448107911653763
MSFT,2024-07-26,415.0180872010169,425.6565240052853,414.0951402007918,422.0342712402344,23583800,422.0342712402344,0.016419594648377167
MSFT,2024-07-29,428.296258782834,428.86192913835873,421.4686315229256,423.4831848144531,15125800,423.4831848144531,0.0034331656762396356
MSFT,2024-07-30,424.4656455012434,425.7855127211385,414.18445497765873,419.7021789550781,32687600,419.7021789550781,-0.008928349447999029
MSFT,2024-07-31,417.3005971918285,418.57085701348217,409.0736637399348,415.1669616699219,42891400,415.1669616699219,-0.010805798760557983
MSFT,2024-08-01,417.5883635069554,424.2075968335808,409.946938018654,413.9363403320313,30296400,413.9363403320313,-0.0029641600886078923
MSFT,2024-08-02,409.35152365396425,411.84243578824686,401.2635397070065,405.3819580078125,29437900,405.3819580078125,-0.02066593698286323
MSFT,2024-08-05,386.20895177644206,397.9886321568055,382.6462402085907,392.1434326171875,40709200,392.1434326171875,-0.03265691807223914
MSFT,2024-08-06,396.9565662320286,402.5834388839359,395.4679791086585,396.5695190429688,24946500,396.5695190429688,0.011286906926481821
MSFT,2024-08-07,405.5308052427508,406.9598208869954,394.44578082628846,395.3984680175781,20650900,395.3984680175781,-0.002952952683344723
MSFT,2024-08-08,399.3780007807365,402.7719624373224,396.8970222599762,399.6260986328125,20203000,399.6260986328125,0.010692076366483061
MSFT,2024-08-09,400.9558760021183,404.945278327108,399.1993542150353,402.93072509765625,19276700,402.93072509765625,0.008269295914729913
MSFT,2024-08-12,403.9628500529108,405.64992758545134,401.1642989727411,403.7147521972656,16762900,403.7147521972656,0.0019458111550549884
MSFT,2024-08-13,406.47357171655057,411.7928051311032,406.4537347921751,410.8599548339844,19414300,410.8599548339844,0.017698641424000794
MSFT,2024-08-14,411.64393908583247,414.5417352887004,409.3118435327495,413.6882629394531,18267000,413.6882629394531,0.0068838738655159215
MSFT,2024-08-15,417.35676799168647,418.6591414148161,415.22923848625584,418.5796203613281,20752100,418.5796203613281,0.011823776162078081
MSFT,2024-08-16,418.1521236839511,418.88780719208,414.871311404525,416.0345153808594,22775600,416.0345153808594,-0.006080336587509283
MSFT,2024-08-19,416.52167114516885,419.2954420190991,414.0362209850082,419.0767211914063,15234000,419.0767211914063,0.0073123880305026034
MSFT,2024-08-20,419.2457636909977,423.3815262412174,419.1861153117136,422.3276977539063,16387600,422.3276977539063,0.007757473508090973
MSFT,2024-08-21,421.6118911043651,423.9183962597862,419.2656405890008,421.6715698242188,16067300,421.6715698242188,-0.0015535990965712676
MSFT,2024-08-22,421.8902239006129,424.3061044372303,412.1969685866766,413.1315002441406,19361900,413.1315002441406,-0.020252893937426797
MSFT,2024-08-23,414.5532154876874,416.8199448280934,409.69166039420327,414.36431884765625,18493800,414.36431884765625,0.0029840827987870355
MSFT,2024-08-26,413.9467702008848,414.8514777475828,408.9460454291146,411.0835266113281,13152800,411.0835266113281,-0.007917651417120086
MSFT,2024-08-27,410.4571806188663,411.9484507655821,407.8623851267658,411.4314880371094,13492900,411.4314880371094,0.0008464494518902743
MSFT,2024-08-28,412.4654164711864,412.5847132206145,404.9394663484376,408.2103271484375,14882700,408.2103271484375,-0.007829154992583742
MSFT,2024-08-29,412.5250827426797,419.593688512659,408.2103448580284,410.7156677246094,17045200,410.7156677246094,0.006137376762790359
MSFT,2024-08-30,413.1812345025268,415.0602190186727,409.7314285183125,414.7122802734375,24308300,414.7122802734375,0.009730849984296075
MSFT,2024-09-03,415.47780496274754,417.4363409532223,404.6611207314944,407.0570983886719,20313600,407.0570983886719,-0.018459019057063486
MSFT,2024-09-04,403.5476443909062,408.8466109265116,402.01659855552833,406.5202331542969,15135800,406.5202331542969,-0.001318894171112972
MSFT,2024-09-05,405.2477064984513,410.6958246241515,403.7663877888233,406.0132446289063,14195500,406.0132446289063,-0.0012471421691774287
MSFT,2024-09-06,406.6793029587105,408.2600456523483,398.4673657515399,399.3621520996094,19609500,399.3621520996094,-0.01638146690356368
MSFT,2024-09-09,404.8699075277366,406.2717051556254,399.8095342931428,403.3587646484375,15295100,403.3587646484375,0.01000748951250463
MSFT,2024-09-10,405.8243177579556,413.9069762623546,405.327227721672,411.7893981933594,19594300,411.7893981933594,0.02090107934624874
MSFT,2024-09-11,413.08181573237965,421.5223947493852,407.1962564161617,420.5779418945313,19266900,420.5779418945313,0.021342326295261227
MSFT,2024-09-12,420.8463656693976,424.8827343519594,417.3070870249836,424.514892578125,17395700,424.514892578125,0.009360811139688785
MSFT,2024-09-13,423.3516776250456,429.3167579290349,422.9838358606944,428.083984375,15874600,428.083984375,0.008407459571558196
MSFT,2024-09-16,428.0939368309988,431.0068771042965,425.7277834507889,428.8296203613281,13834700,428.8296203613281,0.0017417983702818773
MSFT,2024-09-17,437.6679140298658,439.27848092894993,429.7542186309564,432.6174621582031,18874200,432.6174621582031,0.0088329761215733
MSFT,2024-09-18,432.46835149823806,433.4923558065776,427.9050683956392,428.302734375,18898000,428.302734375,-0.009973540507769107
MSFT,2024-09-19,438.6620972919553,438.9305149970845,434.3572804602649,436.1368713378906,21706600,436.1368713378906,0.018291120588624254
MSFT,2024-09-20,434.6754186759471,436.6836515284863,431.6928784161533,432.73675537109375,55167100,432.73675537109375,-0.0077959837616267125
MSFT,2024-09-23,431.75253779309,433.9198431554934,427.88519293448667,430.9870300292969,15128900,430.9870300292969,-0.0040433943271039885
MSFT,2024-09-24,430.47996802683457,430.8279371174826,423.6201316482112,426.6722717285156,17015800,426.6722717285156,-0.010011341409712382
MSFT,2024-09-25,427.3284243659067,430.599285430914,426.0757780554542,429.59515380859375,13396400,429.59515380859375,0.006850414882216382
MSFT,2024-09-26,432.5578041483432,432.766573468399,426.6324994108163,428.7998046875,14492000,428.7998046875,-0.0018513922097177504
MSFT,2024-09-27,429.0085915782672,429.33668800604624,424.98217425530135,425.5289611816406,14896100,425.5289611816406,-0.00762790344142783
MSFT,2024-09-30,425.7178520466358,427.9150119120048,422.8943842039572,427.7956848144531,16807300,427.7956848144531,0.005326837511877125
MSFT,2024-10-01,425.95645456288486,425.9862787507864,416.3725443176016,418.2416076660156,19092900,418.2416076660156,-0.022333271436764
MSFT,2024-10-02,420.12062555956777,420.3592494217051,414.2847930567838,414.7023620605469,16582300,414.7023620605469,-0.008462203522072831
MSFT,2024-10-03,415.1994363500384,417.1082451347957,411.8788784861643,414.1157836914063,13686400,414.1157836914063,-0.001414456301203626
MSFT,2024-10-04,415.8058550353904,417.3070766219624,412.554897189336,413.6385498046875,19169700,413.6385498046875,-0.0011524165596026315
MSFT,2024-10-07,413.5789505765619,414.6824760016932,406.61968938897553,407.1565551757813,20919800,407.1565551757813,-0.015670673422404358
MSFT,2024-10-08,408.50859351504334,413.24090045920747,405.79450128292336,412.2964172363281,19229300,412.2964172363281,0.012623797886117227
MSFT,2024-10-09,413.4397013585542,417.9334146057065,411.8887829065184,415.0303955078125,14974300,415.0303955078125,0.006631098785215173
MSFT,2024-10-10,412.8133950520586,414.9210519137125,410.74548354781774,413.4198303222656,13848400,413.4198303222656,-0.0038805957418522885
MSFT,2024-10-11,413.7180885691892,414.7023170813495,410.8448937448496,413.8970336914063,14144900,413.8970336914063,0.0011542827270010214
MSFT,2024-10-14,415.3386008817118,421.5721293976272,415.090055861842,416.7006530761719,16653100,416.7006530761719,0.006773712195424553
MSFT,2024-10-15,419.7229298265709,420.02120204810905,412.8432208119585,416.3029479980469,18900200,416.3029479980469,-0.0009544143384202508
MSFT,2024-10-16,412.7537587941709,413.9368051812749,408.09105177334885,413.6982116699219,15508900,413.6982116699219,-0.006256828928670521
MSFT,2024-10-17,419.9018679111856,420.0410676802283,413.1712799502717,414.2947082519531,14820000,414.2947082519531,0.0014418640574331842
MSFT,2024-10-18,414.7122961104646,417.2076674979936,413.8374127793913,415.7263488769531,17145300,415.7263488769531,0.0034556092474378186
MSFT,2024-10-21,413.6982202013397,416.5216880571269,411.3420182082338,416.3427429199219,14206100,416.3427429199219,0.0014826917866377354
MSFT,2024-10-22,416.0544182638452,428.07405197206367,415.6070554250592,425.0219421386719,25482200,425.0219421386719,0.020846284380701574
MSFT,2024-10-23,428.35242251551375,428.5711433507003,420.0709156477079,422.1288757324219,19654400,422.1288757324219,-0.006806863644950534
MSFT,2024-10-24,422.8545708930616,423.50081217243513,419.9416307412936,422.2580871582031,13581600,422.2580871582031,0.0003060947336450681
MSFT,2024-10-25,424.2762781463,430.00273447219473,424.0873815139215,425.6581726074219,16899100,425.6581726074219,0.008052149982730628
MSFT,2024-10-28,429.1478003666399,429.4261695906152,423.8189790705799,424.1072998046875,14882400,424.1072998046875,-0.0036434700483589655
MSFT,2024-10-29,425.5090727531412,430.6489970983668,423.3218644487967,429.4360961914063,17644100,429.4360961914063,0.012564736304168544
MSFT,2024-10-30,434.8941229931156,435.9479514176919,429.5852051730896,430.0126953125,29749100,430.0126953125,0.0013426889965875155
MSFT,2024-10-31,412.942649884576,413.73801220344217,403.9353802107126,403.985107421875,53971000,403.985107421875,-0.060527487151769255
MSFT,2024-11-01,406.62958864176215,413.0818074048316,405.12836706972047,407.9816589355469,24230400,407.9816589355469,0.009892818918936896
MSFT,2024-11-04,407.4149612618088,408.03137836159885,403.2095991823823,406.082763671875,19672300,406.082763671875,-0.004654364288400159
MSFT,2024-11-05,405.99332524640585,412.4853201284023,405.7050045203228,409.0653381347656,17626000,409.0653381347656,0.007344745282763743
MSFT,2024-11-06,410.0197716507701,418.0030366685823,408.13080518207255,417.7345886230469,26681800,417.7345886230469,0.021192825888917577
MSFT,2024-11-07,418.8281688837221,424.3657590257446,417.43632288625736,422.9540100097656,19901800,422.9540100097656,0.012494587541633129
MSFT,2024-11-08,422.84469107033385,424.01781631688647,419.3252849907069,420.0808715820313,16891400,420.0808715820313,-0.006793027988239109
MSFT,2024-11-11,420.0609408352946,422.3376216288976,413.5788978774876,415.57720947265625,24503300,415.57720947265625,-0.01072094069033469
MSFT,2024-11-12,415.8158136502301,421.969790701444,414.771936714292,420.5679931640625,19401200,420.5679931640625,0.012009281494861801
MSFT,2024-11-13,419.1860937392156,426.8313104637277,415.7760330857976,422.7253723144531,21502200,422.7253723144531,0.005129679826940681
MSFT,2024-11-14,422.526533184943,425.6780973820496,417.5556327945319,424.4055480957031,30246900,424.4055480957031,0.003974627243335194
MSFT,2024-11-15,417.3767027455775,420.3393400677491,411.23267692258383,412.5847473144531,28247600,412.5847473144531,-0.027852606626585397
MSFT,2024-11-18,412.4554971706168,415.9649517435253,409.7016291897124,413.34033203125,24727000,413.34033203125,0.0018313442794843926
MSFT,2024-11-19,410.7057344914447,415.5076414577029,409.1548159326453,415.3585205078125,18133500,415.3585205078125,0.004882631381855962
MSFT,2024-11-20,414.4438422518667,414.861411232188,408.19044109637775,413.0718688964844,19191700,413.0718688964844,-0.005505247872446439
MSFT,2024-11-21,417.8933391524707,418.1722655525636,408.7186214344056,411.2887268066406,20780200,411.2887268066406,-0.00431678413397496
MSFT,2024-11-22,409.7944811664486,415.8013855360596,409.4856708735379,415.4029235839844,24814600,415.4029235839844,0.010003183917262959
MSFT,2024-11-25,416.7776323033626,419.4672732103364,413.2611532266888,417.1860656738281,27691100,417.1860656738281,0.004292560279690161
MSFT,2024-11-26,417.9830073436352,427.396826920373,417.24585120009374,426.350830078125,23458900,426.350830078125,0.021968050130088068
MSFT,2024-11-27,423.48187093647766,425.5937771564677,420.4037088714897,421.3699951171875,18332400,421.3699951171875,-0.011682479801962131
MSFT,2024-11-29,418.48107704362025,423.2527401453399,416.1998390930093,421.8381652832031,16271900,421.8381652832031,0.0011110666906537503
MSFT,2024-12-02,419.9554423160969,431.3416594246016,419.69642835819553,429.3294067382813,20207200,429.3294067382813,0.01775856731703951
MSFT,2024-12-03,428.1937463407693,430.8136785324232,426.1017830789421,429.5485534667969,18302000,429.5485534667969,0.000510439595043044
MSFT,2024-12-04,431.3715193088951,437.98610309109085,430.973057365549,435.7447204589844,26009400,435.7447204589844,0.014424834962612598
MSFT,2024-12-05,436.24279326556575,442.9569695449552,434.4994957116604,440.9247741699219,21697800,440.9247741699219,0.011887817494337538
MSFT,2024-12-06,440.605999369761,444.3914637865622,440.0780304611881,441.87115478515625,18821000,441.87115478515625,0.0021463539149415567
MSFT,2024-12-09,440.904852649628,446.61288735234007,438.8128895478079,444.3117370605469,19144400,444.3117370605469,0.005523289422631139
MSFT,2024-12-10,442.6880483599924,447.89799856218906,439.9087252497819,441.632080078125,18469500,441.632080078125,-0.0060310290251385235
MSFT,2024-12-11,442.3493333929992,448.6252234428676,442.3493333929992,447.2704162597656,19200200,447.2704162597656,0.012767043962574443
MSFT,2024-12-12,447.389907127457,454.4129240722559,447.389907127457,447.8381958007813,20834800,447.8381958007813,0.0012694323621125214
MSFT,2024-12-13,446.722508676707,449.7010474581427,443.8734464678006,445.5569763183594,20177800,445.5569763183594,-0.0050938475186174115
MSFT,2024-12-16,445.5569810702514,450.4481798147897,443.57461233779367,449.8604431152344,23598800,449.8604431152344,0.00965862285994179
MSFT,2024-12-17,449.2826833242326,453.5462901057899,447.84819595840975,452.7194519042969,22733500,452.7194519042969,0.006355323818347358
MSFT,2024-12-18,449.5914856002837,450.9163784238889,435.3462352856184,435.71484375,24444500,435.71484375,-0.037561028320673095
MSFT,2024-12-19,439.9286181103882,441.4826409757379,434.6489289397384,435.356201171875,22963700,435.356201171875,-0.000823113059537528
MSFT,2024-12-20,431.45120224609855,442.0404949008236,426.988379811487,434.9278564453125,64263700,434.9278564453125,-0.0009838948553150262
MSFT,2024-12-23,435.0673220587455,435.9738405026487,431.1722932989543,433.5830383300781,19152500,433.5830383300781,-0.003092048704871786
MSFT,2024-12-24,432.9853009034494,437.9163547514511,432.5270711981996,437.6473693847656,7164500,437.6473693847656,0.009373823916961843
MSFT,2024-12-26,437.3983540840164,439.2512462781778,434.9577555797017,436.43206787109375,8194200,436.43206787109375,-0.0027768966494196023
MSFT,2024-12-27,432.9355230391817,433.5531436249425,424.7171198755552,428.881103515625,18117700,428.881103515625,-0.017301580042690667
MSFT,2024-12-30,424.4282114896869,425.9124951444225,420.2841404099869,423.2029113769531,13158700,423.2029113769531,-0.013239548425254877
MSFT,2024-12-31,424.4680695178944,425.0956615210949,419.0489019483089,419.88568115234375,13246500,419.88568115234375,-0.007838391786616716
MSFT,2025-01-02,423.9002620409249,424.4382024078871,413.2611726539346,416.9768676757813,16896500,416.9768676757813,-0.0069276319892105365
MSFT,2025-01-03,419.4672816518615,422.4059955323201,417.9332016254231,421.7286071777344,16662900,421.7286071777344,0.011395690913117429
MSFT,2025-01-06,426.3607841744266,432.6565862275622,423.8504465763424,426.21136474609375,20573600,426.21136474609375,0.01062948420397336
MSFT,2025-01-07,427.356962317073,429.00063686122985,419.18835553907815,420.7523498535156,18139100,420.7523498535156,-0.012808233998711449
MSFT,2025-01-08,421.8381972488523,425.3347641541917,419.9255676122581,422.9339904785156,15054600,422.9339904785156,0.00518509433342329
MSFT,2025-01-10,423.0036976315441,423.0833778600729,413.4304875422897,417.345458984375,20201100,417.345458984375,-0.013213720391254569
MSFT,2025-01-13,413.6496498082875,416.8971739621178,410.71096634455273,415.5921936035156,17604800,415.5921936035156,-0.0042009930696885744
MSFT,2025-01-14,416.2098216251219,418.1324225968999,409.1469793562449,414.0780334472656,16935900,414.0780334472656,-0.003643379686998016
MSFT,2025-01-15,417.5247825269712,426.51022596326726,416.6680604251186,424.6772766113281,19637800,424.6772766113281,0.025597211897047778
MSFT,2025-01-16,427.0581034768278,427.8450559110229,422.7646130850573,422.953857421875,15300000,422.953857421875,-0.004058185554934757
MSFT,2025-01-17,432.4274897834489,432.816010728012,426.53017961505896,427.3868713378906,26197500,427.3868713378906,0.010481081655188573
MSFT,2025-01-21,428.55235740588927,429.2496581837696,423.969969205504,426.8588562011719,26085700,426.8588562011719,-0.001235450062061716
MSFT,2025-01-22,435.8841949618168,445.55699830786784,434.3301720077898,444.4911193847656,27803800,444.4911193847656,0.04130701033243622
MSFT,2025-01-23,440.30716256200645,445.0389703044714,439.8090775364838,444.9991149902344,18389300,444.9991149902344,0.0011428700896698452
MSFT,2025-01-24,443.4550766157881,444.9393603072831,439.70946738545626,442.3592834472656,15549500,442.3592834472656,-0.005932217512447546
MSFT,2025-01-27,422.3860783898249,433.5332238334213,421.8780219291722,432.8956604003906,35647800,432.8956604003906,-0.02139352196505484
MSFT,2025-01-28,432.93552501884864,446.66274757404807,429.7278561291377,445.4872741699219,23491700,445.4872741699219,0.029086948475956387
MSFT,2025-01-29,444.97921209968376,445.1684868455072,438.7132938317083,440.6358947753906,23581400,440.6358947753906,-0.010890051581318061
MSFT,2025-01-30,417.1661258658952,421.240457770868,411.5776264111281,413.4006042480469,54586300,413.4006042480469,-0.06180906015663257
MSFT,2025-01-31,417.37536767699305,419.078810069406,413.3209479938324,413.4703674316406,34161900,413.4703674316406,0.0001687544306343547
MSFT,2025-02-03,410.02361028085903,413.819015846871,407.0948678187981,409.3462219238281,25679100,409.3462219238281,-0.009974464514665216
MSFT,2025-02-04,411.1094311345796,412.3347312724244,408.1707172498281,410.7906494140625,20532100,410.7906494140625,0.003528620548751915
MSFT,2025-02-05,410.7707509847515,412.2450632912695,408.82820710975375,411.7071533203125,16316700,411.7071533203125,0.002231072950558355
MSFT,2025-02-06,412.41441067873023,416.59833715024297,412.41441067873023,414.2274475097656,16309800,414.2274475097656,0.0061215700750585356
MSFT,2025-02-07,414.8849302333569,417.0466023053385,406.5370200109021,408.1806945800781,22886800,408.1806945800781,-0.014597663592886279
MSFT,2025-02-10,412.1255190561223,413.8688167120759,409.3462263959906,410.6412353515625,20817900,410.6412353515625,0.00602806748127982
MSFT,2025-02-11,408.0711332799312,410.9101937368833,407.7324086942097,409.8642272949219,18140600,409.8642272949219,-0.0018921822499764485
MSFT,2025-02-12,405.6504109134989,409.17686151888216,402.82129152637,407.4734191894531,19121700,407.4734191894531,-0.005833170953337241
MSFT,2025-02-13,405.4412312140984,409.425911619151,404.80366775695455,408.9676818847656,23891700,408.9676818847656,0.0036671415236970706
MSFT,2025-02-14,406.2281896382052,407.3438952203064,404.3255012113121,406.86572265625,22758500,406.86572265625,-0.00513967074079924
MSFT,2025-02-18,406.4374029097933,409.0274512633779,404.9431477520368,408.0711364746094,21423100,408.0711364746094,0.002962682160811525
MSFT,2025-02-19,406.31786140389937,413.8987012007662,406.0887313388178,413.1814575195313,24114200,413.1814575195313,0.012523113222539628
MSFT,2025-02-20,414.52900508229465,418.5416276159257,411.784044354801,415.3674621582031,23508700,415.3674621582031,0.005290664909783471
MSFT,2025-02-21,416.5752186827425,417.2839090748864,407.1425541325549,407.4619445800781,27524800,407.4619445800781,-0.01903258752394521
MSFT,2025-02-24,407.7614192904554,408.6198287275297,398.588257435889,403.2596740722656,26443700,403.2596740722656,-0.010313283396669815
MSFT,2025-02-25,400.3649855487621,401.18349019975926,395.9730546936776,397.17083740234375,29387400,397.17083740234375,-0.015099046746813394
MSFT,2025-02-26,397.28064827533655,402.860400830509,393.5275288045757,398.99749755859375,19619000,398.99749755859375,0.004599179960434796
MSFT,2025-02-27,400.5346739302656,404.9964840093174,391.4513737735657,391.8106994628906,21127400,391.8106994628906,-0.018012138270736222
MSFT,2025-02-28,391.94046026830176,396.9013540385077,385.8616237546672,396.2625122070313,32845700,396.2625122070313,0.011362152055172103
MSFT,2025-03-03,398.0891633417286,398.0891633417286,385.4523593369203,387.778076171875,23007700,387.778076171875,-0.021411149866035095
MSFT,2025-03-04,382.6974135187692,391.8605838606322,380.3018176104047,387.8978576660156,29342900,387.8978576660156,0.0003088918675422381
MSFT,2025-03-05,388.62653647287385,400.9339589862258,388.0975089086104,400.2851257324219,23433100,400.2851257324219,0.03193435545362511
MSFT,2025-03-06,393.557486671848,401.4130601425524,391.9604125552081,396.1627197265625,23304600,396.1627197265625,-0.01029867397225015
MSFT,2025-03-07,391.601087821307,394.0765237695316,384.8335132703471,392.5892639160156,22034100,392.5892639160156,-0.00902017184507753
MSFT,2025-03-10,385.1329632711281,385.6919346613749,376.5287638766263,379.46337890625,32840100,379.46337890625,-0.03343414152194846
MSFT,2025-03-11,378.30548307291184,385.2926555834933,376.2193166501511,379.7528381347656,30380200,379.7528381347656,0.0007628120251021997
MSFT,2025-03-12,382.2482670126177,384.5140963348653,378.2555969008229,382.5676574707031,24253600,382.5676574707031,0.007412240418697147
MSFT,2025-03-13,382.4578672121625,384.6139126915579,376.75833925299,378.0758972167969,20473000,378.0758972167969,-0.011741087272256534
MSFT,2025-03-14,379.0840519928303,389.51491455417886,378.8145577339824,387.8479614257813,19952800,387.8479614257813,0.025846832027435207
MSFT,2025-03-17,385.9913968692823,391.9903630236124,384.8634626840814,387.98773193359375,22474300,387.98773193359375,0.0003603744810172227
MSFT,2025-03-18,386.3607127115224,386.6601507855219,380.4016513456866,382.8171997070313,19486900,382.8171997070313,-0.013326535354080238
MSFT,2025-03-19,384.8235322758774,388.9659214939022,383.29633715100766,387.1093444824219,19185500,387.1093444824219,0.011211995643548134
MSFT,2025-03-20,385.0331131975468,391.07204471615,382.5776297310475,386.131103515625,18470500,386.131103515625,-0.0025270404363522125
MSFT,2025-03-21,382.5177544739553,391.0221306945889,382.09851071654674,390.54302978515625,39675900,390.54302978515625,0.01142598000876327
MSFT,2025-03-24,394.67543616141086,394.67543616141086,389.09568331150246,392.3596801757813,21004500,392.3596801757813,0.004651601109420422
MSFT,2025-03-25,393.198164585924,395.63366532055824,391.9205113732519,394.4358825683594,15775000,394.4358825683594,0.005291579378512878
MSFT,2025-03-26,394.2761831812202,394.5856126855185,387.85797313035886,389.2554016113281,16108400,389.2554016113281,-0.013133898780452458
MSFT,2025-03-27,389.4151007040484,391.5212195564284,386.6900923994873,389.8642578125,13766800,389.8642578125,0.0015641560750383476
MSFT,2025-03-28,387.36882809704144,388.4169222438939,376.2392666189567,378.1058349609375,21632000,378.1058349609375,-0.030160299683633873
MSFT,2025-03-31,371.8573344110368,376.3790320336197,366.5670283067677,374.7021179199219,35184700,374.7021179199219,-0.00900202199039657
MSFT,2025-04-01,373.96346276032,382.1484487727996,372.5460819120789,381.4896545410156,19689500,381.4896545410156,0.01811448693904727
MSFT,2025-04-02,377.2773862564683,384.3743428432238,375.9298539853364,381.4397583007813,16092600,381.4397583007813,-0.0001307931673647511
MSFT,2025-04-03,374.1032141191556,376.788287190408,368.6731803622599,372.42626953125,30198000,372.42626953125,-0.023630176386657098
MSFT,2025-04-04,363.4627502923482,373.9035742050073,358.8212773354498,359.1806030273437,49209900,359.1806030273437,-0.03556587595332039
MSFT,2025-04-07,350.2370336524557,370.3201598177644,344.1581969485817,357.2042236328125,50425000,357.2042236328125,-0.005502466942461037
MSFT,2025-04-08,367.585185716996,372.9652928837084,349.6081786868937,353.9102783203125,35868900,353.9102783203125,-0.009221462386419077
MSFT,2025-04-09,352.8921435234206,392.5094137035167,352.45294739016697,389.7744140625,50199700,389.7744140625,0.10133680183689964
MSFT,2025-04-10,381.3598744812396,383.19649903483815,367.1259961137824,380.6511840820313,38024400,380.6511840820313,-0.023406436264966857
MSFT,2025-04-11,379.9425037151649,389.3352333779351,378.195710535484,387.7381896972656,23839200,387.7381896972656,0.018618109995704124
MSFT,2025-04-14,392.4994245329486,393.9267967433856,383.5059256339463,387.0993347167969,19251200,387.0993347167969,-0.0016476452344493797
MSFT,2025-04-15,387.79806728847,391.17187833074144,383.4560325474498,385.0231628417969,17199900,385.0231628417969,-0.00536340853315842
MSFT,2025-04-16,379.97244183574617,380.9106912763521,367.3256460010072,370.9290161132813,21967800,370.9290161132813,-0.036605970987534486
MSFT,2025-04-17,373.0651098854367,373.6340726815441,366.2176953329466,367.1060485839844,21120200,367.1060485839844,-0.010306466637081346
MSFT,2025-04-21,362.1551460624454,363.8121077971333,355.01825440362086,358.4619140625,20807300,358.4619140625,-0.02354669598833048
MSFT,2025-04-22,362.7141283475077,367.09606804173376,359.20055908423666,366.1478271484375,19485000,366.1478271484375,0.021441365970604753
MSFT,2025-04-23,375.3708716590499,379.6929540391626,372.33643389707953,373.7039489746094,20545500,373.7039489746094,0.02063680640963783
MSFT,2025-04-24,375.0115520530072,387.7381880213899,374.5024768665421,386.59027099609375,22232300,386.59027099609375,0.0344827023017622
MSFT,2025-04-25,386.29083932956814,391.44138750936105,383.8952433175299,391.1319580078125,18973200,391.1319580078125,0.011748063395430552
MSFT,2025-04-28,391.241728610284,392.0202980494585,385.9315006090283,390.4432067871094,16579400,390.4432067871094,-0.0017609177838886492
MSFT,2025-04-29,390.5829324517716,394.3759872470841,389.6646354058631,393.3179321289063,14974000,393.3179321289063,0.007362723417453143
MSFT,2025-04-30,389.58477271143016,395.9331340086756,383.73552563819743,394.5357055664063,36461100,394.5357055664063,0.003096155394971545
MSFT,2025-05-01,430.3199808366381,436.1892106723326,424.12136912560175,424.6204528808594,58938100,424.6204528808594,0.07625354787917749
MSFT,2025-05-02,430.948839257634,438.63474141621873,429.20204608174254,434.48236083984375,30757400,434.48236083984375,0.02322523065499027
MSFT,2025-05-05,432.0767565448986,438.6946118778074,431.3181395047298,435.3707275390625,20136100,435.3707275390625,0.002044655386012728
MSFT,2025-05-06,431.408009380462,436.9278744842836,430.3798980651205,432.5159606933594,15104200,432.5159606933594,-0.00655709413868899
MSFT,2025-05-07,433.04500054847074,437.3171563878889,430.319992206568,432.555908203125,23295300,432.555908203125,9.236077600838222e-05
MSFT,2025-05-08,437.1274845165557,442.8569866615064,434.8616552652553,437.3670654296875,23491300,437.3670654296875,0.011122625157401034
MSFT,2025-05-09,439.193717718148,439.93235195021686,435.0812723261066,437.9260559082031,15324200,437.9260559082031,0.001278080867763709
MSFT,2025-05-12,445.1228136773673,448.5465208630377,438.9740982732109,448.4367370605469,22821900,448.4367370605469,0.024001040839065624
MSFT,2025-05-13,446.9594623818115,449.8441812103938,444.54388351816056,448.3169860839844,23618800,448.3169860839844,-0.00026704095955087936
MSFT,2025-05-14,447.3187935842875,453.0682176126866,447.3187935842875,452.1099853515625,19902800,452.1099853515625,0.008460529904765979
MSFT,2025-05-15,450.7699890136719,456.1900024414063,450.4299926757813,453.1300048828125,21992300,453.1300048828125,0.0022561313934634786
MSFT,2025-05-16,452.0499877929688,454.3599853515625,448.7300109863281,454.2699890136719,23849800,454.2699890136719,0.0025157992597604206
MSFT,2025-05-19,450.8800048828125,459.5899963378906,450.7999877929688,458.8699951171875,21336500,458.8699951171875,0.010126150119454946
MSFT,2025-05-20,455.5899963378906,458.3399963378906,454.3200073242188,458.1700134277344,15441800,458.1700134277344,-0.0015254466339085226
MSFT,2025-05-21,454.5700073242188,457.7799987792969,451.80999755859375,452.5700073242188,19216900,452.5700073242188,-0.01222255044938425
MSFT,2025-05-22,454.9500122070313,460.25,453.8999938964844,454.8599853515625,18025600,454.8599853515625,0.005059942086933722
MSFT,2025-05-23,449.9800109863281,453.6900024414063,448.9100036621094,450.1799926757813,16883500,450.1799926757813,-0.010288864324180969
MSFT,2025-05-27,456.4800109863281,460.9500122070313,456.1199951171875,460.6900024414063,20974300,460.6900024414063,0.023346239141272207
MSFT,2025-05-28,461.2200012207031,462.5199890136719,456.9299926757813,457.3599853515625,17086300,457.3599853515625,-0.007228325060662288
MSFT,2025-05-29,461.5499877929688,461.7200012207031,455.30999755859375,458.6799926757813,13974800,458.6799926757813,0.002886145195242884
MSFT,2025-05-30,459.7200012207031,461.6799926757813,455.5400085449219,460.3599853515625,34770500,460.3599853515625,0.0036626683147453765
MSFT,2025-06-02,457.1400146484375,462.1099853515625,456.8900146484375,461.9700012207031,16626500,461.9700012207031,0.003497297593992865
MSFT,2025-06-03,461.4700012207031,464.1400146484375,460.8599853515625,462.9700012207031,15743800,462.9700012207031,0.0021646427199983886
MSFT,2025-06-04,464.0,465.6900024414063,463.0199890136719,463.8699951171875,14162700,463.8699951171875,0.001943957263130125
MSFT,2025-06-05,464.9599914550781,469.6499938964844,464.0299987792969,467.6799926757813,20131700,467.6799926757813,0.008213502918271942
MSFT,2025-06-06,470.0899963378906,473.3399963378906,468.7799987792969,470.3800048828125,15285600,470.3800048828125,0.005773204433192403
MSFT,2025-06-09,469.7000122070313,473.4299926757813,468.6199951171875,472.75,16469900,472.75,0.005038469094318598
MSFT,2025-06-10,471.1900024414063,472.7999877929688,466.9599914550781,470.9200134277344,15375900,470.9200134277344,-0.003870939338478263
MSFT,2025-06-11,470.0199890136719,475.4700012207031,469.6600036621094,472.6199951171875,16399200,472.6199951171875,0.003609915996305446
MSFT,2025-06-12,475.0199890136719,480.4200134277344,473.5199890136719,478.8699951171875,18950600,478.8699951171875,0.013224154848654468
MSFT,2025-06-13,476.4100036621094,479.1799926757813,472.760009765625,474.9599914550781,16814500,474.9599914550781,-0.008165062964850311
MSFT,2025-06-16,475.2099914550781,480.6900024414063,475.0,479.1400146484375,15626100,479.1400146484375,0.008800790105611966
MSFT,2025-06-17,475.3999938964844,478.739990234375,474.0799865722656,478.0400085449219,15414100,478.0400085449219,-0.0022957926073503554
MSFT,2025-06-18,478.0,481.0,474.4599914550781,480.239990234375,17526500,480.239990234375,0.004602086959519358
MSFT,2025-06-20,482.2300109863281,483.4599914550781,476.8699951171875,477.3999938964844,37576200,477.3999938964844,-0.00591370230643351
MSFT,2025-06-23,478.2099914550781,487.75,472.510009765625,486.0,24864000,486.0,0.018014256835915177
MSFT,2025-06-24,488.9500122070313,491.8500061035156,486.7999877929688,490.1099853515625,22305600,490.1099853515625,0.00845675998263884
MSFT,2025-06-25,492.0400085449219,494.55999755859375,489.3900146484375,492.2699890136719,17495100,492.2699890136719,0.004407181503474078
MSFT,2025-06-26,492.9800109863281,498.0400085449219,492.80999755859375,497.4500122070313,21578900,497.4500122070313,0.010522727992698266
MSFT,2025-06-27,497.5499877929688,499.2999877929688,493.0299987792969,495.9400024414063,34539200,495.9400024414063,-0.003035500509740774
MSFT,2025-06-30,497.0400085449219,500.760009765625,495.3299865722656,497.4100036621094,28369000,497.4100036621094,0.0029640706808617967
MSFT,2025-07-01,496.4700012207031,498.0499877929688,490.9800109863281,492.0499877929688,19945400,492.0499877929688,-0.010775850565284628
MSFT,2025-07-02,489.989990234375,493.5,488.7000122070313,491.0899963378906,16319600,491.0899963378906,-0.001951003920118155
MSFT,2025-07-03,493.80999755859375,500.1300048828125,493.4400024414063,498.8399963378906,13984800,498.8399963378906,0.015781221482401575
MSFT,2025-07-07,497.3800048828125,498.75,495.2300109863281,497.7200012207031,13981600,497.7200012207031,-0.0022451991127608872
MSFT,2025-07-08,497.239990234375,498.2000122070313,494.1099853515625,496.6199951171875,11846600,496.6199951171875,-0.002210090213006888
MSFT,2025-07-09,500.2999877929688,506.7799987792969,499.739990234375,503.510009765625,18659500,503.510009765625,0.013873816431438035
MSFT,2025-07-10,503.0499877929688,504.4400024414063,497.75,501.4800109863281,16492100,501.4800109863281,-0.004031694981082468
MSFT,2025-07-11,498.4700012207031,505.0299987792969,497.7999877929688,503.3200073242188,16459500,503.3200073242188,0.0036691319645456577
MSFT,2025-07-14,501.5199890136719,503.9700012207031,501.0299987792969,503.0199890136719,12058800,503.0199890136719,-0.0005960786501254534
MSFT,2025-07-15,503.0199890136719,508.2999877929688,502.7900085449219,505.8200073242188,14927200,505.8200073242188,0.005566415593219798
MSFT,2025-07-16,505.1799926757813,506.7200012207031,501.8900146484375,505.6199951171875,15154400,505.6199951171875,-0.00039542169968598273
MSFT,2025-07-17,505.6799926757813,513.3699951171875,505.6199951171875,511.7000122070313,17503100,511.7000122070313,0.012024874705429012
MSFT,2025-07-18,514.47998046875,514.6400146484375,507.4299926757813,510.0499877929688,21209700,510.0499877929688,-0.003224593266952902
MSFT,2025-07-21,506.7099914550781,512.0900268554688,505.5499877929688,510.05999755859375,14066800,510.05999755859375,1.96250678650145e-05
MSFT,2025-07-22,510.9700012207031,511.2000122070313,505.2699890136719,505.2699890136719,13868600,505.2699890136719,-0.009391068830822413
MSFT,2025-07-23,506.75,506.7900085449219,500.7000122070313,505.8699951171875,16396600,505.8699951171875,0.0011874960250199962
MSFT,2025-07-24,508.7699890136719,513.6699829101562,507.2999877929688,510.8800048828125,16107000,510.8800048828125,0.009903749607573342
MSFT,2025-07-25,512.469970703125,518.2899780273438,510.3599853515625,513.7100219726562,19125700,513.7100219726562,0.005539494720473437
MSFT,2025-07-28,514.0800170898438,515.0,510.1199951171875,512.5,14308000,512.5,-0.0023554572052336686
MSFT,2025-07-29,515.530029296875,517.6199951171875,511.55999755859375,512.5700073242188,16469200,512.5700073242188,0.0001365996570121819
MSFT,2025-07-30,515.1699829101562,515.9500122070312,509.4400024414063,513.239990234375,26380400,513.239990234375,0.0013071051770152664
MSFT,2025-07-31,555.22998046875,555.4500122070312,531.9000244140625,533.5,51617300,533.5,0.03947472946598163
MSFT,2025-08-01,535.0,535.7999877929688,520.8599853515625,524.1099853515625,28955600,524.1099853515625,-0.01760077722293818
